Statement,Header,Field Name,Field Value
Statement,Data,Title,Transaction History
Statement,Data,Period,"April 8, 2021 - March 31, 2026"
Statement,Data,WhenGenerated,"2026-04-01, 17:11:42 EDT"
Summary,Header,Field Name,Field Value
Summary,Data,Base Currency,USD
Summary,Data,Starting Cash,1763.85
Summary,Data,Change,-1735.4662240829998
Summary,Data,Ending Cash,28.383775917
Transaction History,Header,Date,Account,Description,Transaction Type,Symbol,Quantity,Price,Price Currency,Gross Amount ,Commission,Net Amount
Transaction History,Data,2026-03-31,dm,FX Translations P&L,Adjustment,-,-,-,-,14.501945896990854,-,14.501945896990854
Transaction History,Data,2026-03-30,dm,DGS(US97717W2816) Payment in Lieu of Dividend (Ordinary Dividend),Payment in Lieu,DGS,-,-,-,35.6,-,35.6
Transaction History,Data,2026-03-30,dm,DGS(US97717W2816) Payment in Lieu of Dividend - US Tax,Foreign Tax Withholding,DGS,-,-,-,-10.68,-,-10.68
Transaction History,Data,2026-03-30,dm,DGS(US97717W2816) Cash Dividend USD 0.20 per Share (Ordinary Dividend),Dividend,DGS,-,-,-,2.04,-,2.04
Transaction History,Data,2026-03-30,dm,DGS(US97717W2816) Cash Dividend USD 0.20 per Share - US Tax,Foreign Tax Withholding,DGS,-,-,-,-0.61,-,-0.61
Transaction History,Data,2026-03-13,dm,Electronic Fund Transfer,Deposit,-,-,-,-,5600.0,-,5600.0
Transaction History,Data,2026-03-13,dm,AVANTIS GBSMCAPVAL UCITS ETF,Buy,AVGS,233.0,24.9326,USD,-5809.3,-2.90465,-5812.204650000001
Transaction History,Data,2026-03-13,dm,AVANTIS GBSMCAPVAL UCITS ETF,Buy,AVGS,0.4292,24.935,USD,-10.702102,-0.005351051,-10.707453051
Transaction History,Data,2026-03-12,dm,AVES(US0250723725) Cash Dividend USD 0.0655 per Share (Ordinary Dividend),Dividend,AVES,-,-,-,60.69,-,60.69
Transaction History,Data,2026-03-12,dm,AVES(US0250723725) Cash Dividend USD 0.0655 per Share - US Tax,Foreign Tax Withholding,AVES,-,-,-,-18.21,-,-18.21
Transaction History,Data,2026-03-12,dm,AVDV(US0250728021) Payment in Lieu of Dividend (Ordinary Dividend),Payment in Lieu,AVDV,-,-,-,21.66,-,21.66
Transaction History,Data,2026-03-12,dm,AVDV(US0250728021) Payment in Lieu of Dividend - US Tax,Foreign Tax Withholding,AVDV,-,-,-,-6.5,-,-6.5
Transaction History,Data,2026-03-12,dm,AVDV(US0250728021) Cash Dividend USD 0.121 per Share (Ordinary Dividend),Dividend,AVDV,-,-,-,93.0,-,93.0
Transaction History,Data,2026-03-12,dm,AVDV(US0250728021) Cash Dividend USD 0.121 per Share - US Tax,Foreign Tax Withholding,AVDV,-,-,-,-27.9,-,-27.9
Transaction History,Data,2026-03-12,dm,AVUV(US0250728773) Cash Dividend USD 0.28 per Share (Ordinary Dividend),Dividend,AVUV,-,-,-,153.69,-,153.69
Transaction History,Data,2026-03-12,dm,AVUV(US0250728773) Cash Dividend USD 0.28 per Share - US Tax,Foreign Tax Withholding,AVUV,-,-,-,-46.11,-,-46.11
Transaction History,Data,2026-03-09,dm,Net Amount in Base from Forex Trade: -0.11 EUR.USD,Forex Trade Component,EUR.USD,-0.11,1.16165,USD,-2.1450000000000635E-4,-,-2.1450000000000635E-4
Transaction History,Data,2026-03-09,dm,UBS ETF MSCI WORLD USD A-ACC,Sell,WRDUSWUSD,-250.0,39.855,USD,9963.75,-4.981875,9958.768125
Transaction History,Data,2026-03-09,dm,UBS ETF MSCI WORLD USD A-ACC,Sell,WRDUSWUSD,-0.2179,39.855,USD,8.6844045,-0.004342202,8.680062298
Transaction History,Data,2026-03-09,dm,AM PRIME GLOBAL UCITS ETF C,Sell,F50A,-49.0,34.415,EUR,1962.219406,-1.4545,1960.7649059999999
Transaction History,Data,2026-03-09,dm,"Net Amount in Base from Forex Trade: -1,685 EUR.USD",Forex Trade Component,EUR.USD,-1685.0,1.155,USD,-16.490999999999985,-2.0,-16.490999999999985
Transaction History,Data,2026-03-09,dm,Net Amount in Base from Forex Trade: -0.085 EUR.USD,Forex Trade Component,EUR.USD,-0.085,1.155,USD,-7.310000000000094E-4,-,-7.310000000000094E-4
Transaction History,Data,2026-03-09,dm,SS SPDR MSCI WORLD UC-USD AC,Buy,SWRD,361.0,46.8383,USD,-16908.63,-8.454315,-16917.084315
Transaction History,Data,2026-03-09,dm,SS SPDR MSCI WORLD UC-USD AC,Buy,SWRD,0.0933,46.85,USD,-4.371105,-0.002185553,-4.373290553
Transaction History,Data,2026-03-06,dm,Electronic Fund Transfer,Deposit,-,-,-,-,5000.0,-,5000.0
Transaction History,Data,2026-03-04,dm,EUR IBKR Managed Securities (SYEP) for Feb-2026,Credit Interest,-,-,-,-,0.127985,-,0.127985
Transaction History,Data,2026-03-04,dm,USD IBKR Managed Securities (SYEP) for Feb-2026,Credit Interest,-,-,-,-,1.13,-,1.13
Transaction History,Data,2026-02-04,dm,USD IBKR Managed Securities (SYEP) for Jan-2026,Credit Interest,-,-,-,-,1.31,-,1.31
Transaction History,Data,2026-01-30,dm,UBS ETF MSCI WORLD USD A-ACC,Buy,WRDUSWUSD,0.0528,41.62,USD,-2.197536,-1.7,-3.8975359999999997
Transaction History,Data,2026-01-30,dm,UBS ETF MSCI WORLD USD A-ACC,Buy,WRDUSWUSD,89.0,41.62,USD,-3704.18,-0.233188768,-3704.413188768
Transaction History,Data,2026-01-30,dm,UBS ETF MSCI WORLD USD A-ACC,Buy,WRDUSWUSD,1.0,41.62,USD,-41.62,-0.10081,-41.72081
Transaction History,Data,2026-01-29,dm,Electronic Fund Transfer,Deposit,-,-,-,-,3750.0,-,3750.0
Transaction History,Data,2026-01-14,dm,Electronic Fund Transfer,Deposit,-,-,-,-,4650.0,-,4650.0
Transaction History,Data,2026-01-14,dm,UBS ETF MSCI WORLD USD A-ACC,Buy,WRDUSWUSD,44.0,41.2,USD,-1812.8,-1.7,-1814.5
Transaction History,Data,2026-01-14,dm,UBS ETF MSCI WORLD USD A-ACC,Buy,WRDUSWUSD,70.0,41.1947,USD,-2883.63,-0.648215,-2884.2782150000003
Transaction History,Data,2026-01-14,dm,UBS ETF MSCI WORLD USD A-ACC,Buy,WRDUSWUSD,0.8148,41.2,USD,-33.56976,-0.01678488,-33.586544880000005
Transaction History,Data,2026-01-09,dm,Net Amount in Base from Forex Trade: -0.05 EUR.USD,Forex Trade Component,EUR.USD,-0.05,1.16585,USD,1.224999999999976E-4,-,1.224999999999976E-4
Transaction History,Data,2026-01-06,dm,USD IBKR Managed Securities (SYEP) for Dec-2025,Credit Interest,-,-,-,-,3.78,-,3.78
Transaction History,Data,2026-01-06,dm,EUR IBKR Managed Securities (SYEP) for Dec-2025,Credit Interest,-,-,-,-,0.058440000000000006,-,0.058440000000000006
Transaction History,Data,2025-12-30,dm,DGS(US97717W2816) Cash Dividend USD 0.57891 per Share (Ordinary Dividend),Dividend,DGS,-,-,-,33.12,-,33.12
Transaction History,Data,2025-12-30,dm,DGS(US97717W2816) Cash Dividend USD 0.57891 per Share - US Tax,Foreign Tax Withholding,DGS,-,-,-,-9.94,-,-9.94
Transaction History,Data,2025-12-30,dm,DGS(US97717W2816) Payment in Lieu of Dividend (Ordinary Dividend),Payment in Lieu,DGS,-,-,-,75.84,-,75.84
Transaction History,Data,2025-12-30,dm,DGS(US97717W2816) Payment in Lieu of Dividend - US Tax,Foreign Tax Withholding,DGS,-,-,-,-22.75,-,-22.75
Transaction History,Data,2025-12-22,dm,UBS ETF MSCI WORLD USD A-ACC,Buy,WRDUSWUSD,44.0,40.57,USD,-1785.08,-4.315200855,-1789.395200855
Transaction History,Data,2025-12-22,dm,UBS ETF MSCI WORLD USD A-ACC,Buy,WRDUSWUSD,1.0,40.67,USD,-40.67,-0.100584648,-40.770584648
Transaction History,Data,2025-12-22,dm,UBS ETF MSCI WORLD USD A-ACC,Buy,WRDUSWUSD,0.3503,40.67,USD,-14.246701,-,-14.246701
Transaction History,Data,2025-12-18,dm,AVUV(US0250728773) Cash Dividend USD 0.3813 per Share (Ordinary Dividend),Dividend,AVUV,-,-,-,178.02,-,178.02
Transaction History,Data,2025-12-18,dm,AVUV(US0250728773) Cash Dividend USD 0.3813 per Share - US Tax,Foreign Tax Withholding,AVUV,-,-,-,-53.41,-,-53.41
Transaction History,Data,2025-12-18,dm,AVUV(US0250728773) Payment in Lieu of Dividend (Ordinary Dividend),Payment in Lieu,AVUV,-,-,-,31.27,-,31.27
Transaction History,Data,2025-12-18,dm,AVUV(US0250728773) Payment in Lieu of Dividend - US Tax,Foreign Tax Withholding,AVUV,-,-,-,-9.38,-,-9.38
Transaction History,Data,2025-12-18,dm,AVES(US0250723725) Cash Dividend USD 1.1037 per Share (Ordinary Dividend),Dividend,AVES,-,-,-,1022.63,-,1022.63
Transaction History,Data,2025-12-18,dm,AVES(US0250723725) Cash Dividend USD 1.1037 per Share - US Tax,Foreign Tax Withholding,AVES,-,-,-,-306.79,-,-306.79
Transaction History,Data,2025-12-18,dm,AVDV(US0250728021) Cash Dividend USD 1.4225 per Share (Ordinary Dividend),Dividend,AVDV,-,-,-,1347.96,-,1347.96
Transaction History,Data,2025-12-18,dm,AVDV(US0250728021) Cash Dividend USD 1.4225 per Share - US Tax,Foreign Tax Withholding,AVDV,-,-,-,-404.39,-,-404.39
Transaction History,Data,2025-12-08,dm,Net Amount in Base from Forex Trade: -0.22 EUR.USD,Forex Trade Component,EUR.USD,-0.22,1.16425,USD,1.2099999999998223E-4,-,1.2099999999998223E-4
Transaction History,Data,2025-12-03,dm,EUR IBKR Managed Securities (SYEP) Interest for Nov-2025,Credit Interest,-,-,-,-,0.256762,-,0.256762
Transaction History,Data,2025-12-03,dm,USD IBKR Managed Securities (SYEP) Interest for Nov-2025,Credit Interest,-,-,-,-,3.7,-,3.7
Transaction History,Data,2025-11-10,dm,Net Amount in Base from Forex Trade: -0.02 EUR.USD,Forex Trade Component,EUR.USD,-0.02,1.15655,USD,1.6999999999999654E-5,-,1.6999999999999654E-5
Transaction History,Data,2025-11-05,dm,EUR IBKR Managed Securities (SYEP) Interest for Oct-2025,Credit Interest,-,-,-,-,0.022986,-,0.022986
Transaction History,Data,2025-11-05,dm,USD IBKR Managed Securities (SYEP) Interest for Oct-2025,Credit Interest,-,-,-,-,3.85,-,3.85
Transaction History,Data,2025-10-08,dm,Net Amount in Base from Forex Trade: 0.79 EUR.USD,Forex Trade Component,EUR.USD,0.79,1.16585,USD,-0.002330500000000013,-,-0.002330500000000013
Transaction History,Data,2025-10-03,dm,USD Debit Interest for Sep-2025,Debit Interest,-,-,-,-,-369.92,-,-369.92
Transaction History,Data,2025-10-03,dm,USD IBKR Managed Securities (SYEP) Interest for Sep-2025,Credit Interest,-,-,-,-,0.62,-,0.62
Transaction History,Data,2025-10-03,dm,EUR Debit Interest for Sep-2025,Debit Interest,-,-,-,-,-0.9276179999999999,-,-0.9276179999999999
Transaction History,Data,2025-09-29,dm,DGS(US97717W2816) Cash Dividend USD 0.795 per Share (Ordinary Dividend),Dividend,DGS,-,-,-,0.17,-,0.17
Transaction History,Data,2025-09-29,dm,DGS(US97717W2816) Cash Dividend USD 0.795 per Share - US Tax,Foreign Tax Withholding,DGS,-,-,-,-0.05,-,-0.05
Transaction History,Data,2025-09-29,dm,DGS(US97717W2816) Payment in Lieu of Dividend (Ordinary Dividend),Payment in Lieu,DGS,-,-,-,149.46,-,149.46
Transaction History,Data,2025-09-29,dm,DGS(US97717W2816) Payment in Lieu of Dividend - US Tax,Foreign Tax Withholding,DGS,-,-,-,-44.84,-,-44.84
Transaction History,Data,2025-09-25,dm,AVUV(US0250728773) Payment in Lieu of Dividend (Ordinary Dividend),Payment in Lieu,AVUV,-,-,-,250.44,-,250.44
Transaction History,Data,2025-09-25,dm,AVUV(US0250728773) Payment in Lieu of Dividend - US Tax,Foreign Tax Withholding,AVUV,-,-,-,-75.13,-,-75.13
Transaction History,Data,2025-09-25,dm,AVUV(US0250728773) Cash Dividend USD 0.457 per Share (Ordinary Dividend),Dividend,AVUV,-,-,-,0.4,-,0.4
Transaction History,Data,2025-09-25,dm,AVUV(US0250728773) Cash Dividend USD 0.457 per Share - US Tax,Foreign Tax Withholding,AVUV,-,-,-,-0.12,-,-0.12
Transaction History,Data,2025-09-23,dm,JPM GL EQ MULTIFAC UCITS ETF,Sell,JPGL,-0.3329,44.305,USD,14.7491345,-1.70006658,13.04906792
Transaction History,Data,2025-09-22,dm,JPM GL EQ MULTIFAC UCITS ETF,Sell,JPGL,-53.0,44.3,USD,2347.9,-1.78,2346.12
Transaction History,Data,2025-09-22,dm,SPDR EUROPE S/C VALUE,Sell,ZPRX,-91.0,58.67,EUR,6301.586291,-3.451668942304,6298.134622057696
Transaction History,Data,2025-09-22,dm,"Net Amount in Base from Forex Trade: -3,727 EUR.USD",Forex Trade Component,EUR.USD,-3727.0,1.17825,USD,-9.640349999999671,-2.0,-9.640349999999671
Transaction History,Data,2025-09-22,dm,Net Amount in Base from Forex Trade: -0.34560032 EUR.USD,Forex Trade Component,EUR.USD,-0.34560032,1.17825,USD,-7.084806959999912E-4,-,-7.084806959999912E-4
Transaction History,Data,2025-09-22,dm,JPM GL EQ MULTIFAC UCITS ETF,Sell,JPGL,-1331.0,44.3,USD,58963.3,-29.0356,58934.2644
Transaction History,Data,2025-09-22,dm,AVANTIS INTL S/C VALUE ETF,Sell,AVDV,-8.0,87.91,USD,703.28,-0.34056125,702.93943875
Transaction History,Data,2025-09-22,dm,AVANTIS INTL S/C VALUE ETF,Sell,AVDV,-68.0,87.91,USD,5977.88,0.082416,5977.962416
Transaction History,Data,2025-09-22,dm,SPDR USA S/C VALUE,Sell,USSC,-9.0,75.48,USD,679.32,-1.78,677.5400000000001
Transaction History,Data,2025-09-22,dm,SPDR USA S/C VALUE,Sell,USSC,-9.0,75.48,USD,679.32,-0.08,679.24
Transaction History,Data,2025-09-22,dm,SPDR USA S/C VALUE,Sell,USSC,-9.0,75.48,USD,679.32,-0.08,679.24
Transaction History,Data,2025-09-22,dm,SPDR USA S/C VALUE,Sell,USSC,-9.0,75.48,USD,679.32,-0.08,679.24
Transaction History,Data,2025-09-22,dm,SPDR USA S/C VALUE,Sell,USSC,-9.0,75.48,USD,679.32,-0.08,679.24
Transaction History,Data,2025-09-22,dm,SPDR USA S/C VALUE,Sell,USSC,-81.0,75.48,USD,6113.88,-3.13524,6110.7447600000005
Transaction History,Data,2025-09-22,dm,SPDR USA S/C VALUE,Sell,USSC,-9.0,75.48,USD,679.32,-0.41966,678.90034
Transaction History,Data,2025-09-22,dm,SPDR USA S/C VALUE,Sell,USSC,-9.0,75.48,USD,679.32,-0.41966,678.90034
Transaction History,Data,2025-09-22,dm,SPDR USA S/C VALUE,Sell,USSC,-9.0,75.48,USD,679.32,-0.41966,678.90034
Transaction History,Data,2025-09-22,dm,SPDR USA S/C VALUE,Sell,USSC,-9.0,75.48,USD,679.32,-0.41966,678.90034
Transaction History,Data,2025-09-22,dm,SPDR USA S/C VALUE,Sell,USSC,-9.0,75.48,USD,679.32,-0.41966,678.90034
Transaction History,Data,2025-09-22,dm,SPDR USA S/C VALUE,Sell,USSC,-18.0,75.48,USD,1358.64,-0.75932,1357.8806800000002
Transaction History,Data,2025-09-22,dm,ISHARES CORE EM IMI ACC,Sell,EIMI,-2.0,43.23,USD,86.46,-1.78,84.67999999999999
Transaction History,Data,2025-09-22,dm,ISHARES CORE EM IMI ACC,Sell,EIMI,-300.0,43.23,USD,12969.0,-4.90773,12964.09227
Transaction History,Data,2025-09-17,dm,AM PRIME GLOBAL UCITS ETF C,Buy,F50A,49.0,32.805,EUR,-1898.880685,-1.476625,-1900.35731
Transaction History,Data,2025-09-17,dm,Electronic Fund Transfer,Deposit,-,-,-,-,1882.62,-,1882.62
Transaction History,Data,2025-09-04,dm,USD Debit Interest for Aug-2025,Debit Interest,-,-,-,-,-505.91,-,-505.91
Transaction History,Data,2025-09-04,dm,USD IBKR Managed Securities (SYEP) Interest for Aug-2025,Credit Interest,-,-,-,-,0.38,-,0.38
Transaction History,Data,2025-08-08,dm,Net Amount in Base from Forex Trade: -0.02 EUR.USD,Forex Trade Component,EUR.USD,-0.02,1.16655,USD,4.70000000000019E-5,-,4.70000000000019E-5
Transaction History,Data,2025-08-05,dm,USD Debit Interest for Jul-2025,Debit Interest,-,-,-,-,-497.49,-,-497.49
Transaction History,Data,2025-08-05,dm,USD IBKR Managed Securities (SYEP) Interest for Jul-2025,Credit Interest,-,-,-,-,3.49,-,3.49
Transaction History,Data,2025-08-05,dm,EUR IBKR Managed Securities (SYEP) Interest for Jul-2025,Credit Interest,-,-,-,-,0.02315,-,0.02315
Transaction History,Data,2025-07-22,dm,Electronic Fund Transfer,Deposit,-,-,-,-,9000.0,-,9000.0
Transaction History,Data,2025-07-22,dm,SPDR MSCI WORLD ACC,Buy,SWRD,113.0,43.54,USD,-4920.02,-2.7614109,-4922.7814109
Transaction History,Data,2025-07-22,dm,SPDR MSCI WORLD ACC,Buy,SWRD,0.9182,43.54,USD,-39.978428,-0.020172854,-39.998600854
Transaction History,Data,2025-07-22,dm,SPDR USA S/C VALUE,Buy,USSC,1.0,70.91,USD,-70.91,-1.914916352,-72.824916352
Transaction History,Data,2025-07-22,dm,SPDR USA S/C VALUE,Buy,USSC,0.9478,70.91,USD,-67.208498,-1.8956E-4,-67.20868756
Transaction History,Data,2025-07-22,dm,SPDR USA S/C VALUE,Buy,USSC,68.0,70.91,USD,-4821.88,-0.793599249,-4822.673599249
Transaction History,Data,2025-07-03,dm,USD Debit Interest for Jun-2025,Debit Interest,-,-,-,-,-487.5,-,-487.5
Transaction History,Data,2025-07-03,dm,USD IBKR Managed Securities (SYEP) Interest for Jun-2025,Credit Interest,-,-,-,-,0.58,-,0.58
Transaction History,Data,2025-06-27,dm,DGS(US97717W2816) Cash Dividend USD 0.525 per Share (Ordinary Dividend),Dividend,DGS,-,-,-,0.11,-,0.11
Transaction History,Data,2025-06-27,dm,DGS(US97717W2816) Cash Dividend USD 0.525 per Share - US Tax,Foreign Tax Withholding,DGS,-,-,-,-0.03,-,-0.03
Transaction History,Data,2025-06-27,dm,DGS(US97717W2816) Payment in Lieu of Dividend (Ordinary Dividend),Payment in Lieu,DGS,-,-,-,98.7,-,98.7
Transaction History,Data,2025-06-27,dm,DGS(US97717W2816) Payment in Lieu of Dividend - US Tax,Foreign Tax Withholding,DGS,-,-,-,-29.61,-,-29.61
Transaction History,Data,2025-06-26,dm,AVES(US0250723725) Cash Dividend USD 0.7442 per Share (Ordinary Dividend),Dividend,AVES,-,-,-,648.6,-,648.6
Transaction History,Data,2025-06-26,dm,AVES(US0250723725) Cash Dividend USD 0.7442 per Share - US Tax,Foreign Tax Withholding,AVES,-,-,-,-194.58,-,-194.58
Transaction History,Data,2025-06-26,dm,AVES(US0250723725) Payment in Lieu of Dividend (Ordinary Dividend),Payment in Lieu,AVES,-,-,-,40.93,-,40.93
Transaction History,Data,2025-06-26,dm,AVES(US0250723725) Payment in Lieu of Dividend - US Tax,Foreign Tax Withholding,AVES,-,-,-,-12.28,-,-12.28
Transaction History,Data,2025-06-26,dm,AVUV(US0250728773) Cash Dividend USD 0.4351 per Share (Ordinary Dividend),Dividend,AVUV,-,-,-,90.45,-,90.45
Transaction History,Data,2025-06-26,dm,AVUV(US0250728773) Cash Dividend USD 0.4351 per Share - US Tax,Foreign Tax Withholding,AVUV,-,-,-,-27.14,-,-27.14
Transaction History,Data,2025-06-26,dm,AVUV(US0250728773) Payment in Lieu of Dividend (Ordinary Dividend),Payment in Lieu,AVUV,-,-,-,148.37,-,148.37
Transaction History,Data,2025-06-26,dm,AVUV(US0250728773) Payment in Lieu of Dividend - US Tax,Foreign Tax Withholding,AVUV,-,-,-,-44.51,-,-44.51
Transaction History,Data,2025-06-26,dm,AVDV(US0250728021) Cash Dividend USD 1.445 per Share (Ordinary Dividend),Dividend,AVDV,-,-,-,0.86,-,0.86
Transaction History,Data,2025-06-26,dm,AVDV(US0250728021) Cash Dividend USD 1.445 per Share - US Tax,Foreign Tax Withholding,AVDV,-,-,-,-0.26,-,-0.26
Transaction History,Data,2025-06-26,dm,AVDV(US0250728021) Payment in Lieu of Dividend (Ordinary Dividend),Payment in Lieu,AVDV,-,-,-,1478.24,-,1478.24
Transaction History,Data,2025-06-26,dm,AVDV(US0250728021) Payment in Lieu of Dividend - US Tax,Foreign Tax Withholding,AVDV,-,-,-,-443.47,-,-443.47
Transaction History,Data,2025-06-04,dm,USD Debit Interest for May-2025,Debit Interest,-,-,-,-,-502.85,-,-502.85
Transaction History,Data,2025-06-04,dm,USD IBKR Managed Securities (SYEP) Interest for May-2025,Credit Interest,-,-,-,-,0.08,-,0.08
Transaction History,Data,2025-05-08,dm,Net Amount in Base from Forex Trade: -0.12 EUR.USD,Forex Trade Component,EUR.USD,-0.12,1.13025,USD,8.819999999999939E-4,-,8.819999999999939E-4
Transaction History,Data,2025-05-05,dm,USD Debit Interest for Apr-2025,Debit Interest,-,-,-,-,-330.49,-,-330.49
Transaction History,Data,2025-05-05,dm,USD IBKR Managed Securities (SYEP) Interest for Apr-2025,Credit Interest,-,-,-,-,0.79,-,0.79
Transaction History,Data,2025-05-05,dm,EUR IBKR Managed Securities (SYEP) Interest for Apr-2025,Credit Interest,-,-,-,-,0.13577999999999998,-,0.13577999999999998
Transaction History,Data,2025-05-05,dm,Electronic Fund Transfer,Deposit,-,-,-,-,6200.0,-,6200.0
Transaction History,Data,2025-05-05,dm,AVANTIS INTL S/C VALUE ETF,Buy,AVDV,68.0,73.2,USD,-4977.6,-0.36698525,-4977.96698525
Transaction History,Data,2025-05-05,dm,AVANTIS INTL S/C VALUE ETF,Buy,AVDV,2.0E-4,73.23,USD,-0.014646,-4.9E-8,-0.014646049
Transaction History,Data,2025-05-05,dm,AVANTIS INTL S/C VALUE ETF,Buy,AVDV,0.3058,73.2,USD,-22.38456,-7.5227E-5,-22.384635227
Transaction History,Data,2025-04-09,dm,SPDR MSCI WORLD ACC,Buy,SWRD,746.0,33.872,USD,-25268.51,-12.783455,-25281.293455
Transaction History,Data,2025-04-09,dm,SPDR MSCI WORLD ACC,Buy,SWRD,0.9293,33.88,USD,-31.484684,-0.015928202,-31.500612202000003
Transaction History,Data,2025-04-09,dm,JPM GL EQ MULTIFAC UCITS ETF,Buy,JPGL,699.0,35.83,USD,-25045.17,-13.72961765,-25058.899617649997
Transaction History,Data,2025-04-09,dm,JPM GL EQ MULTIFAC UCITS ETF,Buy,JPGL,7.0,35.83,USD,-250.81,-0.21669145,-251.02669145000002
Transaction History,Data,2025-04-09,dm,JPM GL EQ MULTIFAC UCITS ETF,Buy,JPGL,0.1121,35.83,USD,-4.016543,-0.002030691,-4.018573691
Transaction History,Data,2025-04-09,dm,ISHARES CORE EM IMI ACC,Buy,EIMI,654.0,30.8713,USD,-20189.83,-10.225715,-20200.055715000002
Transaction History,Data,2025-04-09,dm,ISHARES CORE EM IMI ACC,Buy,EIMI,0.3293,30.88,USD,-10.168784,-0.005150252,-10.173934252
Transaction History,Data,2025-04-09,dm,SPDR USA S/C VALUE,Buy,USSC,186.0,53.96,USD,-10036.56,-5.05548,-10041.61548
Transaction History,Data,2025-04-09,dm,SPDR USA S/C VALUE,Buy,USSC,1.0,53.96,USD,-53.96,-0.234633599,-54.194633599
Transaction History,Data,2025-04-09,dm,SPDR USA S/C VALUE,Buy,USSC,0.1756,53.96,USD,-9.475376,-0.004772808,-9.480148808000001
Transaction History,Data,2025-04-09,dm,AVANTIS INTL S/C VALUE ETF,Buy,AVDV,161.0,62.4,USD,-10046.4,-0.603520172,-10047.003520172
Transaction History,Data,2025-04-09,dm,AVANTIS INTL S/C VALUE ETF,Buy,AVDV,0.8577,62.49,USD,-53.597673,-0.003215151,-53.600888151
Transaction History,Data,2025-04-09,dm,AVANTIS EMERGING MARKETS VAL,Buy,AVES,0.1589,42.16,USD,-6.699224,-0.067080569,-6.766304569
Transaction History,Data,2025-04-09,dm,AVANTIS EMERGING MARKETS VAL,Buy,AVES,1.0,42.07,USD,-42.07,-0.283461771,-42.353461771
Transaction History,Data,2025-04-09,dm,AVANTIS EMERGING MARKETS VAL,Buy,AVES,139.0,42.07,USD,-5847.73,-0.034194,-5847.764193999999
Transaction History,Data,2025-04-09,dm,AVANTIS EMERGING MARKETS VAL,Buy,AVES,100.0,42.035,USD,-4203.5,-0.232300938,-4203.732300938
Transaction History,Data,2025-04-08,dm,Net Amount in Base from Forex Trade: -0.53 EUR.USD,Forex Trade Component,EUR.USD,-0.53,1.09055,USD,-0.002782500000000132,-,-0.002782500000000132
Transaction History,Data,2025-04-03,dm,Electronic Fund Transfer,Deposit,-,-,-,-,5400.0,-,5400.0
Transaction History,Data,2025-04-03,dm,EUR IBKR Managed Securities (SYEP) Interest for Mar-2025,Credit Interest,-,-,-,-,0.585756,-,0.585756
Transaction History,Data,2025-04-03,dm,USD Credit Interest for Mar-2025,Credit Interest,-,-,-,-,2.91,-,2.91
Transaction History,Data,2025-04-03,dm,USD IBKR Managed Securities (SYEP) Interest for Mar-2025,Credit Interest,-,-,-,-,1.46,-,1.46
Transaction History,Data,2025-04-03,dm,AVANTIS US SMALL CAP VALUE,Buy,AVUV,66.0,82.89,USD,-5470.74,-0.36649325,-5471.106493249999
Transaction History,Data,2025-04-03,dm,AVANTIS US SMALL CAP VALUE,Buy,AVUV,0.558,82.9,USD,-46.2582,-1.37268E-4,-46.258337268000005
Transaction History,Data,2025-03-28,dm,DGS(US97717W2816) Payment in Lieu of Dividend (Ordinary Dividend),Payment in Lieu,DGS,-,-,-,8.63,-,8.63
Transaction History,Data,2025-03-28,dm,DGS(US97717W2816) Payment in Lieu of Dividend - US Tax,Foreign Tax Withholding,DGS,-,-,-,-2.59,-,-2.59
Transaction History,Data,2025-03-28,dm,DGS(US97717W2816) Cash Dividend USD 0.075 per Share (Ordinary Dividend),Dividend,DGS,-,-,-,5.49,-,5.49
Transaction History,Data,2025-03-28,dm,DGS(US97717W2816) Cash Dividend USD 0.075 per Share - US Tax,Foreign Tax Withholding,DGS,-,-,-,-1.65,-,-1.65
Transaction History,Data,2025-03-27,dm,AVUV(US0250728773) Cash Dividend USD 0.3389 per Share (Ordinary Dividend),Dividend,AVUV,-,-,-,163.46,-,163.46
Transaction History,Data,2025-03-27,dm,AVUV(US0250728773) Cash Dividend USD 0.3389 per Share - US Tax,Foreign Tax Withholding,AVUV,-,-,-,-49.04,-,-49.04
Transaction History,Data,2025-03-21,dm,SPDR USA S/C VALUE,Buy,USSC,71.0,64.96,USD,-4612.16,-2.5936272,-4614.7536272
Transaction History,Data,2025-03-21,dm,SPDR USA S/C VALUE,Buy,USSC,0.5815,65.07,USD,-37.838205,-0.019035402,-37.857240402
Transaction History,Data,2025-03-21,dm,JPM GL EQ MULTIFAC UCITS ETF,Buy,JPGL,40.0,40.44,USD,-1617.6,-1.909671413,-1619.509671413
Transaction History,Data,2025-03-21,dm,JPM GL EQ MULTIFAC UCITS ETF,Buy,JPGL,18.0,40.44,USD,-727.92,-0.08,-728.0
Transaction History,Data,2025-03-21,dm,JPM GL EQ MULTIFAC UCITS ETF,Buy,JPGL,39.0,40.44,USD,-1577.16,-0.388189187,-1577.5481891870002
Transaction History,Data,2025-03-21,dm,JPM GL EQ MULTIFAC UCITS ETF,Buy,JPGL,14.0,40.44,USD,-566.16,-0.3885572,-566.5485572
Transaction History,Data,2025-03-21,dm,JPM GL EQ MULTIFAC UCITS ETF,Buy,JPGL,113.0,40.44,USD,-4569.72,-2.5704974,-4572.2904974
Transaction History,Data,2025-03-21,dm,JPM GL EQ MULTIFAC UCITS ETF,Buy,JPGL,43.0,40.44,USD,-1738.92,-1.0277114,-1739.9477114000001
Transaction History,Data,2025-03-21,dm,JPM GL EQ MULTIFAC UCITS ETF,Buy,JPGL,1.0,40.565,USD,-40.565,-0.102107925,-40.667107924999996
Transaction History,Data,2025-03-21,dm,JPM GL EQ MULTIFAC UCITS ETF,Buy,JPGL,0.2208,40.55,USD,-8.95344,-0.00452088,-8.95796088
Transaction History,Data,2025-03-20,dm,Electronic Fund Transfer,Deposit,-,-,-,-,15500.0,-,15500.0
Transaction History,Data,2025-03-13,dm,SPDR MSCI WORLD ACC,Buy,SWRD,0.6881,38.525,USD,-26.5090525,-1.70013762,-28.20919012
Transaction History,Data,2025-03-13,dm,SPDR MSCI WORLD ACC,Buy,SWRD,124.0,38.512,USD,-4775.49,-0.725799526,-4776.2157995259995
Transaction History,Data,2025-03-12,dm,Electronic Fund Transfer,Deposit,-,-,-,-,9600.0,-,9600.0
Transaction History,Data,2025-03-12,dm,AVANTIS US SMALL CAP VALUE,Buy,AVUV,55.0,86.22,USD,-4742.1,-0.36378725,-4742.463787250001
Transaction History,Data,2025-03-12,dm,AVANTIS US SMALL CAP VALUE,Buy,AVUV,0.6714,86.23,USD,-57.894822,-1.65164E-4,-57.894987164
Transaction History,Data,2025-03-10,dm,Net Amount in Base from Forex Trade: -0.39 EUR.USD,Forex Trade Component,EUR.USD,-0.39,1.08335,USD,-5.849999999996136E-5,-,-5.849999999996136E-5
Transaction History,Data,2025-03-05,dm,USD IBKR Managed Securities (SYEP) Interest for Feb-2025,Credit Interest,-,-,-,-,1.72,-,1.72
Transaction History,Data,2025-03-05,dm,EUR IBKR Managed Securities (SYEP) Interest for Feb-2025,Credit Interest,-,-,-,-,0.420771,-,0.420771
Transaction History,Data,2025-02-06,dm,Electronic Fund Transfer,Deposit,-,-,-,-,3100.0,-,3100.0
Transaction History,Data,2025-02-06,dm,AVANTIS EMERGING MARKETS VAL,Buy,AVES,59.0,46.5,USD,-2743.5,-0.26972225,-2743.76972225
Transaction History,Data,2025-02-06,dm,AVANTIS EMERGING MARKETS VAL,Buy,AVES,2.0,46.5,USD,-93.0,-0.00647,-93.00647
Transaction History,Data,2025-02-06,dm,AVANTIS EMERGING MARKETS VAL,Buy,AVES,5.0,46.48,USD,-232.4,-0.016175,-232.416175
Transaction History,Data,2025-02-06,dm,AVANTIS EMERGING MARKETS VAL,Buy,AVES,0.6688,46.5,USD,-31.0992,-1.64525E-4,-31.099364525
Transaction History,Data,2025-02-05,dm,USD IBKR Managed Securities (SYEP) Interest for Jan-2025,Credit Interest,-,-,-,-,1.92,-,1.92
Transaction History,Data,2025-01-28,dm,ISHARES CORE EM IMI ACC,Buy,EIMI,50.0,33.83,USD,-1691.5,-1.904995313,-1693.404995313
Transaction History,Data,2025-01-28,dm,ISHARES CORE EM IMI ACC,Buy,EIMI,0.2511,33.84,USD,-8.497224,-5.022E-5,-8.49727422
Transaction History,Data,2025-01-27,dm,Electronic Fund Transfer,Deposit,-,-,-,-,1701.63,-,1701.63
Transaction History,Data,2025-01-15,dm,AVANTIS EMERGING MARKETS VAL,Buy,AVES,6.0E-4,45.48,USD,-0.027288,-0.010007498,-0.037295497999999996
Transaction History,Data,2025-01-15,dm,AVANTIS EMERGING MARKETS VAL,Buy,AVES,89.0,45.45,USD,-4045.05,-0.3621439,-4045.4121439
Transaction History,Data,2025-01-15,dm,AVANTIS EMERGING MARKETS VAL,Buy,AVES,0.9883,45.45,USD,-44.918235,-2.43122E-4,-44.918478122
Transaction History,Data,2025-01-14,dm,Electronic Fund Transfer,Deposit,-,-,-,-,4088.27,-,4088.27
Transaction History,Data,2025-01-07,dm,AVANTIS US SMALL CAP VALUE,Buy,AVUV,16.0,96.2962,USD,-1540.7392,-0.35419325,-1541.09339325
Transaction History,Data,2025-01-07,dm,AVANTIS US SMALL CAP VALUE,Buy,AVUV,0.5323,96.3,USD,-51.26049,-1.30946E-4,-51.260620945999996
Transaction History,Data,2025-01-06,dm,USD IBKR Managed Securities (SYEP) Interest for Dec-2024,Credit Interest,-,-,-,-,2.43,-,2.43
Transaction History,Data,2024-12-30,dm,DGS(US97717W2816) Cash Dividend USD 0.30962 per Share (Ordinary Dividend),Dividend,DGS,-,-,-,58.27,-,58.27
Transaction History,Data,2024-12-30,dm,DGS(US97717W2816) Cash Dividend USD 0.30962 per Share - US Tax,Foreign Tax Withholding,DGS,-,-,-,-17.48,-,-17.48
Transaction History,Data,2024-12-19,dm,AVES(US0250723725) Cash Dividend USD 1.4118 per Share (Ordinary Dividend),Dividend,AVES,-,-,-,34.91,-,34.91
Transaction History,Data,2024-12-19,dm,AVES(US0250723725) Cash Dividend USD 1.4118 per Share - US Tax,Foreign Tax Withholding,AVES,-,-,-,-10.47,-,-10.47
Transaction History,Data,2024-12-19,dm,AVES(US0250723725) Payment in Lieu of Dividend (Ordinary Dividend),Payment in Lieu,AVES,-,-,-,712.96,-,712.96
Transaction History,Data,2024-12-19,dm,AVES(US0250723725) Payment in Lieu of Dividend - US Tax,Foreign Tax Withholding,AVES,-,-,-,-213.89,-,-213.89
Transaction History,Data,2024-12-19,dm,AVDV(US0250728021) Payment in Lieu of Dividend (Ordinary Dividend),Payment in Lieu,AVDV,-,-,-,435.91,-,435.91
Transaction History,Data,2024-12-19,dm,AVDV(US0250728021) Payment in Lieu of Dividend - US Tax,Foreign Tax Withholding,AVDV,-,-,-,-130.77,-,-130.77
Transaction History,Data,2024-12-19,dm,AVDV(US0250728021) Cash Dividend USD 1.6205 per Share (Ordinary Dividend),Dividend,AVDV,-,-,-,849.85,-,849.85
Transaction History,Data,2024-12-19,dm,AVDV(US0250728021) Cash Dividend USD 1.6205 per Share - US Tax,Foreign Tax Withholding,AVDV,-,-,-,-254.96,-,-254.96
Transaction History,Data,2024-12-19,dm,AVUV(US0250728773) Cash Dividend USD 0.4345 per Share (Ordinary Dividend),Dividend,AVUV,-,-,-,85.21,-,85.21
Transaction History,Data,2024-12-19,dm,AVUV(US0250728773) Cash Dividend USD 0.4345 per Share - US Tax,Foreign Tax Withholding,AVUV,-,-,-,-25.56,-,-25.56
Transaction History,Data,2024-12-19,dm,AVUV(US0250728773) Payment in Lieu of Dividend (Ordinary Dividend),Payment in Lieu,AVUV,-,-,-,92.98,-,92.98
Transaction History,Data,2024-12-19,dm,AVUV(US0250728773) Payment in Lieu of Dividend - US Tax,Foreign Tax Withholding,AVUV,-,-,-,-27.89,-,-27.89
Transaction History,Data,2024-12-04,dm,USD IBKR Managed Securities (SYEP) Interest for Nov-2024,Credit Interest,-,-,-,-,0.69,-,0.69
Transaction History,Data,2024-11-08,dm,Net Amount in Base from Forex Trade: -0.12 EUR.USD,Forex Trade Component,EUR.USD,-0.12,1.08025,USD,0.0010020000000000029,-,0.0010020000000000029
Transaction History,Data,2024-11-05,dm,USD IBKR Managed Securities (SYEP) Interest for Oct-2024,Credit Interest,-,-,-,-,0.59,-,0.59
Transaction History,Data,2024-11-05,dm,EUR IBKR Managed Securities (SYEP) Interest for Oct-2024,Credit Interest,-,-,-,-,0.13116,-,0.13116
Transaction History,Data,2024-10-08,dm,Net Amount in Base from Forex Trade: -0.23 EUR.USD,Forex Trade Component,EUR.USD,-0.23,1.09745,USD,-1.495000000000246E-4,-,-1.495000000000246E-4
Transaction History,Data,2024-10-03,dm,SPDR MSCI WORLD ACC,Buy,SWRD,1.0,38.885,USD,-38.885,-1.912678785,-40.797678784999995
Transaction History,Data,2024-10-03,dm,SPDR MSCI WORLD ACC,Buy,SWRD,0.5927,38.885,USD,-23.0471395,-1.1854E-4,-23.04725804
Transaction History,Data,2024-10-03,dm,SPDR MSCI WORLD ACC,Buy,SWRD,69.0,38.885,USD,-2683.065,-0.08,-2683.145
Transaction History,Data,2024-10-03,dm,USD Debit Interest for Sep-2024,Debit Interest,-,-,-,-,-0.08,-,-0.08
Transaction History,Data,2024-10-03,dm,USD IBKR Managed Securities (SYEP) Interest for Sep-2024,Credit Interest,-,-,-,-,1.54,-,1.54
Transaction History,Data,2024-10-03,dm,EUR IBKR Managed Securities (SYEP) Interest for Sep-2024,Credit Interest,-,-,-,-,0.253713,-,0.253713
Transaction History,Data,2024-10-02,dm,Electronic Fund Transfer,Deposit,-,-,-,-,2745.26,-,2745.26
Transaction History,Data,2024-10-01,dm,AVANTIS US SMALL CAP VALUE,Buy,AVUV,1.0,95.09,USD,-95.09,-0.35052925,-95.44052925
Transaction History,Data,2024-10-01,dm,AVANTIS US SMALL CAP VALUE,Buy,AVUV,2.0E-4,95.1,USD,-0.01902,-5.4E-8,-0.019020053999999998
Transaction History,Data,2024-10-01,dm,AVANTIS US SMALL CAP VALUE,Buy,AVUV,0.9664,95.08,USD,-91.885312,-2.62861E-4,-91.885574861
Transaction History,Data,2024-09-27,dm,DGS(US97717W2816) Cash Dividend USD 0.605 per Share (Ordinary Dividend),Dividend,DGS,-,-,-,113.87,-,113.87
Transaction History,Data,2024-09-27,dm,DGS(US97717W2816) Cash Dividend USD 0.605 per Share - US Tax,Foreign Tax Withholding,DGS,-,-,-,-34.16,-,-34.16
Transaction History,Data,2024-09-25,dm,AVUV(US0250728773) Payment in Lieu of Dividend (Ordinary Dividend),Payment in Lieu,AVUV,-,-,-,61.11,-,61.11
Transaction History,Data,2024-09-25,dm,AVUV(US0250728773) Payment in Lieu of Dividend - US Tax,Foreign Tax Withholding,AVUV,-,-,-,-18.33,-,-18.33
Transaction History,Data,2024-09-25,dm,AVUV(US0250728773) Cash Dividend USD 0.3868 per Share (Ordinary Dividend),Dividend,AVUV,-,-,-,96.76,-,96.76
Transaction History,Data,2024-09-25,dm,AVUV(US0250728773) Cash Dividend USD 0.3868 per Share - US Tax,Foreign Tax Withholding,AVUV,-,-,-,-29.03,-,-29.03
Transaction History,Data,2024-09-10,dm,Net Amount in Base from Forex Trade: -0.74 EUR.USD,Forex Trade Component,EUR.USD,-0.74,1.10345,USD,0.0010729999999998796,-,0.0010729999999998796
Transaction History,Data,2024-09-10,dm,ISHARES CORE EM IMI ACC,Buy,EIMI,114.0,33.82,USD,-3855.48,-2.1812366,-3857.6612366
Transaction History,Data,2024-09-10,dm,ISHARES CORE EM IMI ACC,Buy,EIMI,0.4293,33.82,USD,-14.518926,-0.007345323,-14.526271323
Transaction History,Data,2024-09-09,dm,Electronic Fund Transfer,Deposit,-,-,-,-,3910.02,-,3910.02
Transaction History,Data,2024-09-05,dm,EUR IBKR Managed Securities (SYEP) Interest for Aug-2024,Credit Interest,-,-,-,-,0.82214,-,0.82214
Transaction History,Data,2024-09-05,dm,USD Debit Interest for Aug-2024,Debit Interest,-,-,-,-,-0.19,-,-0.19
Transaction History,Data,2024-09-05,dm,USD IBKR Managed Securities (SYEP) Interest for Aug-2024,Credit Interest,-,-,-,-,1.22,-,1.22
Transaction History,Data,2024-08-12,dm,AVANTIS US SMALL CAP VALUE,Buy,AVUV,22.0,90.595,USD,-1993.09,-0.31945725,-1993.4094572499998
Transaction History,Data,2024-08-09,dm,Electronic Fund Transfer,Deposit,-,-,-,-,1954.52,-,1954.52
Transaction History,Data,2024-08-06,dm,SPDR MSCI WORLD ACC,Buy,SWRD,146.0,35.555,USD,-5191.03,-2.90911135,-5193.93911135
Transaction History,Data,2024-08-06,dm,SPDR MSCI WORLD ACC,Buy,SWRD,0.6741,35.555,USD,-23.9676255,-0.012118633,-23.979744133
Transaction History,Data,2024-08-05,dm,USD Debit Interest for Jul-2024,Debit Interest,-,-,-,-,-0.04,-,-0.04
Transaction History,Data,2024-08-05,dm,USD IBKR Managed Securities (SYEP) Interest for Jul-2024,Credit Interest,-,-,-,-,1.35,-,1.35
Transaction History,Data,2024-08-05,dm,Electronic Fund Transfer,Deposit,-,-,-,-,5209.91,-,5209.91
Transaction History,Data,2024-07-15,dm,SPDR MSCI WORLD ACC,Buy,SWRD,55.0,38.3,USD,-2106.5,-1.909902184,-2108.409902184
Transaction History,Data,2024-07-15,dm,SPDR MSCI WORLD ACC,Buy,SWRD,0.81,38.345,USD,-31.05945,0.643753,-30.415696999999998
Transaction History,Data,2024-07-15,dm,AVANTIS EMERGING MARKETS VAL,Buy,AVES,84.0,49.94,USD,-4194.96,-0.36705725,-4195.32705725
Transaction History,Data,2024-07-15,dm,AVANTIS EMERGING MARKETS VAL,Buy,AVES,0.4,50.0,USD,-20.0,-8.0E-5,-20.00008
Transaction History,Data,2024-07-12,dm,Electronic Fund Transfer,Deposit,-,-,-,-,6398.41,-,6398.41
Transaction History,Data,2024-07-08,dm,Net Amount in Base from Forex Trade: -0.49 EUR.USD,Forex Trade Component,EUR.USD,-0.49,1.08375,USD,6.125000000000158E-4,-,6.125000000000158E-4
Transaction History,Data,2024-07-05,dm,Electronic Fund Transfer,Deposit,-,-,-,-,3985.04,-,3985.04
Transaction History,Data,2024-07-05,dm,AVANTIS US SMALL CAP VALUE,Buy,AVUV,46.0,89.52,USD,-4117.92,-0.28585725,-4118.20585725
Transaction History,Data,2024-07-03,dm,USD IBKR Managed Securities (SYEP) Interest for Jun-2024,Credit Interest,-,-,-,-,3.0,-,3.0
Transaction History,Data,2024-07-03,dm,EUR IBKR Managed Securities (SYEP) Interest for Jun-2024,Credit Interest,-,-,-,-,0.528612,-,0.528612
Transaction History,Data,2024-06-27,dm,AVANTIS EMERGING MARKETS VAL,Buy,AVES,18.0,48.58,USD,-874.44,-0.35385725,-874.7938572500001
Transaction History,Data,2024-06-27,dm,AVANTIS EMERGING MARKETS VAL,Buy,AVES,0.5261,48.58,USD,-25.557938,-1.0522E-4,-25.55804322
Transaction History,Data,2024-06-27,dm,DGS(US97717W2816) Cash Dividend USD 0.68 per Share (Ordinary Dividend),Dividend,DGS,-,-,-,127.98,-,127.98
Transaction History,Data,2024-06-27,dm,DGS(US97717W2816) Cash Dividend USD 0.68 per Share - US Tax,Foreign Tax Withholding,DGS,-,-,-,-38.39,-,-38.39
Transaction History,Data,2024-06-26,dm,AVES(US0250723725) Payment in Lieu of Dividend (Ordinary Dividend),Payment in Lieu,AVES,-,-,-,65.38,-,65.38
Transaction History,Data,2024-06-26,dm,AVES(US0250723725) Payment in Lieu of Dividend - US Tax,Foreign Tax Withholding,AVES,-,-,-,-19.61,-,-19.61
Transaction History,Data,2024-06-26,dm,AVES(US0250723725) Cash Dividend USD 0.4772 per Share (Ordinary Dividend),Dividend,AVES,-,-,-,138.29,-,138.29
Transaction History,Data,2024-06-26,dm,AVES(US0250723725) Cash Dividend USD 0.4772 per Share - US Tax,Foreign Tax Withholding,AVES,-,-,-,-41.49,-,-41.49
Transaction History,Data,2024-06-26,dm,AVDV(US0250728021) Cash Dividend USD 1.1838 per Share (Ordinary Dividend),Dividend,AVDV,-,-,-,34.84,-,34.84
Transaction History,Data,2024-06-26,dm,AVDV(US0250728021) Cash Dividend USD 1.1838 per Share - US Tax,Foreign Tax Withholding,AVDV,-,-,-,-10.45,-,-10.45
Transaction History,Data,2024-06-26,dm,AVDV(US0250728021) Payment in Lieu of Dividend (Ordinary Dividend),Payment in Lieu,AVDV,-,-,-,904.42,-,904.42
Transaction History,Data,2024-06-26,dm,AVDV(US0250728021) Payment in Lieu of Dividend - US Tax,Foreign Tax Withholding,AVDV,-,-,-,-271.33,-,-271.33
Transaction History,Data,2024-06-26,dm,AVUV(US0250728773) Payment in Lieu of Dividend (Ordinary Dividend),Payment in Lieu,AVUV,-,-,-,14.56,-,14.56
Transaction History,Data,2024-06-26,dm,AVUV(US0250728773) Payment in Lieu of Dividend - US Tax,Foreign Tax Withholding,AVUV,-,-,-,-4.37,-,-4.37
Transaction History,Data,2024-06-26,dm,AVUV(US0250728773) Cash Dividend USD 0.4282 per Share (Ordinary Dividend),Dividend,AVUV,-,-,-,131.09,-,131.09
Transaction History,Data,2024-06-26,dm,AVUV(US0250728773) Cash Dividend USD 0.4282 per Share - US Tax,Foreign Tax Withholding,AVUV,-,-,-,-39.33,-,-39.33
Transaction History,Data,2024-06-07,dm,Net Amount in Base from Forex Trade: -1 EUR.USD,Forex Trade Component,EUR.USD,-1.0,1.0891,USD,-1.9912,-2.0,-1.9912
Transaction History,Data,2024-06-07,dm,Net Amount in Base from Forex Trade: -0.31 EUR.USD,Forex Trade Component,EUR.USD,-0.31,1.0891,USD,0.002728000000000008,-,0.002728000000000008
Transaction History,Data,2024-06-07,dm,SPDR MSCI WORLD ACC,Buy,SWRD,101.0,36.755,USD,-3712.255,-1.8763275,-3714.1313275
Transaction History,Data,2024-06-07,dm,SPDR MSCI WORLD ACC,Buy,SWRD,1.0,36.755,USD,-36.755,-0.226289088,-36.981289088000004
Transaction History,Data,2024-06-07,dm,SPDR MSCI WORLD ACC,Buy,SWRD,0.7071,36.755,USD,-25.9894605,-0.01313615,-26.00259665
Transaction History,Data,2024-06-06,dm,Electronic Fund Transfer,Deposit,-,-,-,-,3779.29,-,3779.29
Transaction History,Data,2024-06-05,dm,USD IBKR Managed Securities (SYEP) Interest for May-2024,Credit Interest,-,-,-,-,0.01,-,0.01
Transaction History,Data,2024-06-05,dm,EUR IBKR Managed Securities (SYEP) Interest for May-2024,Credit Interest,-,-,-,-,1.423839,-,1.423839
Transaction History,Data,2024-05-07,dm,ISHARES CORE EM IMI ACC,Buy,EIMI,197.0,33.44,USD,-6587.68,-3.6702856,-6591.3502856000005
Transaction History,Data,2024-05-07,dm,ISHARES CORE EM IMI ACC,Buy,EIMI,0.4282,33.44,USD,-14.319008,-0.007245144,-14.326253144
Transaction History,Data,2024-05-03,dm,USD Credit Interest for Apr-2024,Credit Interest,-,-,-,-,1.38,-,1.38
Transaction History,Data,2024-05-03,dm,USD IBKR Managed Securities (SYEP) Interest for Apr-2024,Credit Interest,-,-,-,-,3.84,-,3.84
Transaction History,Data,2024-05-03,dm,Electronic Fund Transfer,Deposit,-,-,-,-,6602.28,-,6602.28
Transaction History,Data,2024-04-23,dm,SPDR USA S/C VALUE,Buy,USSC,0.5449,60.61,USD,-33.026389,-1.70010898,-34.726497980000005
Transaction History,Data,2024-04-23,dm,SPDR USA S/C VALUE,Buy,USSC,77.0,60.61,USD,-4666.97,-0.940011845,-4667.910011845001
Transaction History,Data,2024-04-23,dm,SPDR MSCI WORLD ACC,Buy,SWRD,0.752,34.52,USD,-25.95904,-1.7001504,-27.6591904
Transaction History,Data,2024-04-23,dm,SPDR MSCI WORLD ACC,Buy,SWRD,252.0,34.52,USD,-8699.04,-3.13395632,-8702.17395632
Transaction History,Data,2024-04-22,dm,Electronic Fund Transfer,Deposit,-,-,-,-,13429.87,-,13429.87
Transaction History,Data,2024-04-05,dm,ISHARES CORE EM IMI ACC,Buy,EIMI,38.0,32.69,USD,-1242.22,-1.906427045,-1244.1264270450001
Transaction History,Data,2024-04-05,dm,ISHARES CORE EM IMI ACC,Buy,EIMI,3.0E-4,32.68,USD,-0.009804,-6.0E-8,-0.00980406
Transaction History,Data,2024-04-05,dm,ISHARES CORE EM IMI ACC,Buy,EIMI,0.9464,32.68,USD,-30.928352,-1.8928E-4,-30.92854128
Transaction History,Data,2024-04-05,dm,ISHARES CORE EM IMI ACC,Buy,EIMI,36.0,32.69,USD,-1176.84,-0.08,-1176.9199999999998
Transaction History,Data,2024-04-04,dm,Electronic Fund Transfer,Deposit,-,-,-,-,2370.16,-,2370.16
Transaction History,Data,2024-04-03,dm,USD IBKR Managed Securities (SYEP) Interest for Mar-2024,Credit Interest,-,-,-,-,1.79,-,1.79
Transaction History,Data,2024-03-27,dm,DGS(US97717W2816) Cash Dividend USD 0.05 per Share (Ordinary Dividend),Dividend,DGS,-,-,-,9.41,-,9.41
Transaction History,Data,2024-03-27,dm,DGS(US97717W2816) Cash Dividend USD 0.05 per Share - US Tax,Foreign Tax Withholding,DGS,-,-,-,-2.82,-,-2.82
Transaction History,Data,2024-03-25,dm,AVUV(US0250728773) Cash Dividend USD 0.3067 per Share (Ordinary Dividend),Dividend,AVUV,-,-,-,104.32,-,104.32
Transaction History,Data,2024-03-25,dm,AVUV(US0250728773) Cash Dividend USD 0.3067 per Share - US Tax,Foreign Tax Withholding,AVUV,-,-,-,-31.3,-,-31.3
Transaction History,Data,2024-03-12,dm,SPDR MSCI WORLD ACC,Buy,SWRD,34.0,35.295,USD,-1200.03,-1.908137774,-1201.9381377739999
Transaction History,Data,2024-03-12,dm,SPDR MSCI WORLD ACC,Buy,SWRD,33.0,35.295,USD,-1164.735,-0.08,-1164.8149999999998
Transaction History,Data,2024-03-12,dm,SPDR MSCI WORLD ACC,Buy,SWRD,0.8566,35.295,USD,-30.233697,-1.7132E-4,-30.23386832
Transaction History,Data,2024-03-11,dm,Electronic Fund Transfer,Deposit,-,-,-,-,2395.31,-,2395.31
Transaction History,Data,2024-03-05,dm,USD Credit Interest for Feb-2024,Credit Interest,-,-,-,-,0.53,-,0.53
Transaction History,Data,2024-03-05,dm,USD IBKR Managed Securities (SYEP) Interest for Feb-2024,Credit Interest,-,-,-,-,0.57,-,0.57
Transaction History,Data,2024-03-04,dm,Electronic Fund Transfer,Deposit,-,-,-,-,3011.57,-,3011.57
Transaction History,Data,2024-03-04,dm,SPDR MSCI WORLD ACC,Buy,SWRD,0.6817,35.13,USD,-23.948121,-1.70013634,-25.64825734
Transaction History,Data,2024-03-04,dm,SPDR MSCI WORLD ACC,Buy,SWRD,85.0,35.13,USD,-2986.05,-0.21437225,-2986.26437225
Transaction History,Data,2024-02-16,dm,ISHARES CORE EM IMI ACC,Buy,EIMI,108.0,31.85,USD,-3439.8,-1.954691,-3441.754691
Transaction History,Data,2024-02-16,dm,ISHARES CORE EM IMI ACC,Buy,EIMI,0.9481,31.85,USD,-30.196985,-0.015288113,-30.212273113000002
Transaction History,Data,2024-02-16,dm,SPDR MSCI WORLD ACC,Buy,SWRD,72.0,34.5,USD,-2484.0,-1.906000126,-2485.906000126
Transaction History,Data,2024-02-16,dm,SPDR MSCI WORLD ACC,Buy,SWRD,0.7826,34.5,USD,-26.9997,-1.5652E-4,-26.99985652
Transaction History,Data,2024-02-15,dm,Electronic Fund Transfer,Deposit,-,-,-,-,5987.07,-,5987.07
Transaction History,Data,2024-02-14,dm,Electronic Fund Transfer,Deposit,-,-,-,-,8003.2,-,8003.2
Transaction History,Data,2024-02-14,dm,ISHARES CORE EM IMI ACC,Buy,EIMI,58.0,31.38,USD,-1820.04,-1.905928724,-1821.945928724
Transaction History,Data,2024-02-14,dm,ISHARES CORE EM IMI ACC,Buy,EIMI,0.636,31.38,USD,-19.95768,-1.272E-4,-19.9578072
Transaction History,Data,2024-02-14,dm,SPDR MSCI WORLD ACC,Buy,SWRD,0.0965,34.015,USD,-3.2824475,-1.7000193,-4.9824668
Transaction History,Data,2024-02-14,dm,SPDR MSCI WORLD ACC,Buy,SWRD,1.0,34.015,USD,-34.015,-0.205928724,-34.220928724000004
Transaction History,Data,2024-02-14,dm,SPDR MSCI WORLD ACC,Buy,SWRD,180.0,34.015,USD,-6122.7,-1.611122174,-6124.311122174
Transaction History,Data,2024-02-05,dm,USD IBKR Managed Securities (SYEP) Interest for Jan-2024,Credit Interest,-,-,-,-,0.3,-,0.3
Transaction History,Data,2024-01-10,dm,ISHARES CORE EM IMI ACC,Buy,EIMI,0.3247,30.98,USD,-10.059206,-0.005094543,-10.064300543
Transaction History,Data,2024-01-10,dm,ISHARES CORE EM IMI ACC,Buy,EIMI,153.0,30.98,USD,-4739.94,-2.6632673,-4742.6032673
Transaction History,Data,2024-01-09,dm,Electronic Fund Transfer,Deposit,-,-,-,-,4689.78,-,4689.78
Transaction History,Data,2024-01-04,dm,USD IBKR Managed Securities (SYEP) Interest for Dec-2023,Credit Interest,-,-,-,-,1.46,-,1.46
Transaction History,Data,2023-12-28,dm,DGS(US97717W2816) Cash Dividend USD 0.455 per Share - US Tax,Foreign Tax Withholding,DGS,-,-,-,-2.9,-,-2.9
Transaction History,Data,2023-12-28,dm,DGS(US97717W2816) Payment in Lieu of Dividend (Ordinary Dividend),Payment in Lieu,DGS,-,-,-,75.99,-,75.99
Transaction History,Data,2023-12-28,dm,DGS(US97717W2816) Payment in Lieu of Dividend - US Tax,Foreign Tax Withholding,DGS,-,-,-,-22.8,-,-22.8
Transaction History,Data,2023-12-28,dm,DGS(US97717W2816) Cash Dividend USD 0.455 per Share (Ordinary Dividend),Dividend,DGS,-,-,-,9.65,-,9.65
Transaction History,Data,2023-12-22,dm,ISHARES CORE EM IMI ACC,Buy,EIMI,17.0,30.99,USD,-526.83,-0.08,-526.9100000000001
Transaction History,Data,2023-12-22,dm,ISHARES CORE EM IMI ACC,Buy,EIMI,9.0,30.99,USD,-278.91,-0.08,-278.99
Transaction History,Data,2023-12-22,dm,ISHARES CORE EM IMI ACC,Buy,EIMI,6.0,30.99,USD,-185.94,-1.906901943,-187.846901943
Transaction History,Data,2023-12-21,dm,AVUV(US0250728773) Cash Dividend USD 0.4379 per Share - US Tax,Foreign Tax Withholding,AVUV,-,-,-,-44.69,-,-44.69
Transaction History,Data,2023-12-21,dm,AVES(US0250723725) Cash Dividend USD 1.326 per Share (Ordinary Dividend),Dividend,AVES,-,-,-,565.94,-,565.94
Transaction History,Data,2023-12-21,dm,AVES(US0250723725) Cash Dividend USD 1.326 per Share - US Tax,Foreign Tax Withholding,AVES,-,-,-,-169.78,-,-169.78
Transaction History,Data,2023-12-21,dm,AVDV(US0250728021) Cash Dividend USD 0.8884 per Share - US Tax,Foreign Tax Withholding,AVDV,-,-,-,-0.12,-,-0.12
Transaction History,Data,2023-12-21,dm,AVUV(US0250728773) Cash Dividend USD 0.4379 per Share (Ordinary Dividend),Dividend,AVUV,-,-,-,148.95,-,148.95
Transaction History,Data,2023-12-21,dm,AVDV(US0250728021) Payment in Lieu of Dividend - US Tax,Foreign Tax Withholding,AVDV,-,-,-,-211.35,-,-211.35
Transaction History,Data,2023-12-21,dm,AVDV(US0250728021) Cash Dividend USD 0.8884 per Share (Ordinary Dividend),Dividend,AVDV,-,-,-,0.39,-,0.39
Transaction History,Data,2023-12-21,dm,AVDV(US0250728021) Payment in Lieu of Dividend (Ordinary Dividend),Payment in Lieu,AVDV,-,-,-,704.5,-,704.5
Transaction History,Data,2023-12-07,dm,SPDR MSCI WORLD ACC,Buy,SWRD,0.3633,31.485,USD,-11.4385005,-7.266E-5,-11.43857316
Transaction History,Data,2023-12-07,dm,SPDR MSCI WORLD ACC,Buy,SWRD,96.0,31.485,USD,-3022.56,-1.9160152,-3024.4760152
Transaction History,Data,2023-12-06,dm,Electronic Fund Transfer,Deposit,-,-,-,-,3037.91,-,3037.91
Transaction History,Data,2023-12-05,dm,USD IBKR Managed Securities (SYEP) Interest for Nov-2023,Credit Interest,-,-,-,-,1.04,-,1.04
Transaction History,Data,2023-11-21,dm,SPDR MSCI WORLD ACC,Buy,SWRD,65.0,31.22,USD,-2029.3,-0.20505002,-2029.50505002
Transaction History,Data,2023-11-21,dm,SPDR MSCI WORLD ACC,Buy,SWRD,0.0224,31.22,USD,-0.699328,-1.70000448,-2.39933248
Transaction History,Data,2023-11-20,dm,Electronic Fund Transfer,Deposit,-,-,-,-,2030.77,-,2030.77
Transaction History,Data,2023-11-06,dm,SPDR MSCI WORLD ACC,Buy,SWRD,134.0,30.115,USD,-4035.41,-2.27929845,-4037.68929845
Transaction History,Data,2023-11-06,dm,SPDR MSCI WORLD ACC,Buy,SWRD,0.9825,30.115,USD,-29.5879875,-0.014990494,-29.602977994
Transaction History,Data,2023-11-06,dm,Electronic Fund Transfer,Deposit,-,-,-,-,4064.13,-,4064.13
Transaction History,Data,2023-11-03,dm,USD IBKR Managed Securities (SYEP) Interest for Oct-2023,Credit Interest,-,-,-,-,1.91,-,1.91
Transaction History,Data,2023-10-06,dm,SPDR MSCI WORLD ACC,Buy,SWRD,98.0,29.38,USD,-2879.24,-0.2095658,-2879.4495657999996
Transaction History,Data,2023-10-06,dm,SPDR MSCI WORLD ACC,Buy,SWRD,0.0939,29.38,USD,-2.758782,-1.70001878,-4.45880078
Transaction History,Data,2023-10-05,dm,Electronic Fund Transfer,Deposit,-,-,-,-,2885.56,-,2885.56
Transaction History,Data,2023-10-04,dm,USD IBKR Managed Securities (SYEP) Interest for Sep-2023,Credit Interest,-,-,-,-,0.85,-,0.85
Transaction History,Data,2023-10-03,dm,SPDR MSCI WORLD ACC,Buy,SWRD,6.0,29.525,USD,-177.15,-1.900870753,-179.050870753
Transaction History,Data,2023-10-03,dm,SPDR MSCI WORLD ACC,Buy,SWRD,0.3336,29.525,USD,-9.84954,-6.672E-5,-9.849606719999999
Transaction History,Data,2023-09-28,dm,DGS(US97717W2816) Cash Dividend USD 0.78 per Share - US Tax,Foreign Tax Withholding,DGS,-,-,-,-44.04,-,-44.04
Transaction History,Data,2023-09-28,dm,DGS(US97717W2816) Cash Dividend USD 0.78 per Share (Ordinary Dividend),Dividend,DGS,-,-,-,146.8,-,146.8
Transaction History,Data,2023-09-26,dm,AVUV(US0250728773) Cash Dividend USD 0.3575 per Share (Ordinary Dividend),Dividend,AVUV,-,-,-,121.6,-,121.6
Transaction History,Data,2023-09-26,dm,AVUV(US0250728773) Cash Dividend USD 0.3575 per Share - US Tax,Foreign Tax Withholding,AVUV,-,-,-,-36.48,-,-36.48
Transaction History,Data,2023-09-15,dm,SPDR MSCI WORLD ACC,Buy,SWRD,0.6441,30.97,USD,-19.947777,-1.2882E-4,-19.94790582
Transaction History,Data,2023-09-15,dm,SPDR MSCI WORLD ACC,Buy,SWRD,65.0,30.97,USD,-2013.05,-1.904094113,-2014.9540941129999
Transaction History,Data,2023-09-14,dm,Electronic Fund Transfer,Deposit,-,-,-,-,2033.73,-,2033.73
Transaction History,Data,2023-09-06,dm,USD IBKR Managed Securities (SYEP) Interest for Aug-2023,Credit Interest,-,-,-,-,1.9,-,1.9
Transaction History,Data,2023-09-05,dm,Electronic Fund Transfer,Deposit,-,-,-,-,3030.58,-,3030.58
Transaction History,Data,2023-09-05,dm,SPDR MSCI WORLD ACC,Buy,SWRD,0.9306,30.935,USD,-28.788111,-1.70018612,-30.488297120000002
Transaction History,Data,2023-09-05,dm,SPDR MSCI WORLD ACC,Buy,SWRD,97.0,30.93,USD,-3000.21,-0.21500945,-3000.42500945
Transaction History,Data,2023-08-18,dm,SPDR MSCI WORLD ACC,Buy,SWRD,76.0,29.9,USD,-2272.4,-1.907468101,-2274.3074681010003
Transaction History,Data,2023-08-18,dm,SPDR MSCI WORLD ACC,Buy,SWRD,0.6889,29.9,USD,-20.59811,0.56125107,-20.036858929999998
Transaction History,Data,2023-08-18,dm,Electronic Fund Transfer,Deposit,-,-,-,-,2291.35,-,2291.35
Transaction History,Data,2023-08-03,dm,USD IBKR Managed Securities (SYEP) Interest for Jul-2023,Credit Interest,-,-,-,-,0.77,-,0.77
Transaction History,Data,2023-08-03,dm,USD Debit Interest for Jul-2023,Debit Interest,-,-,-,-,-0.2,-,-0.2
Transaction History,Data,2023-07-24,dm,AVANTIS US SMALL CAP VALUE,Buy,AVUV,0.3422,81.8,USD,-27.99196,-6.844E-5,-27.99202844
Transaction History,Data,2023-07-24,dm,AVANTIS US SMALL CAP VALUE,Buy,AVUV,25.0,81.8,USD,-2045.0,-0.31525725,-2045.31525725
Transaction History,Data,2023-07-24,dm,Electronic Fund Transfer,Deposit,-,-,-,-,2180.14,-,2180.14
Transaction History,Data,2023-07-12,dm,AVANTIS US SMALL CAP VALUE,Buy,AVUV,10.0,80.23,USD,-802.3,0.0185,-802.2814999999999
Transaction History,Data,2023-07-12,dm,AVANTIS US SMALL CAP VALUE,Buy,AVUV,12.0,80.235,USD,-962.82,0.0222,-962.7978
Transaction History,Data,2023-07-12,dm,AVANTIS US SMALL CAP VALUE,Buy,AVUV,15.0,80.25,USD,-1203.75,-0.32250725,-1204.07250725
Transaction History,Data,2023-07-12,dm,ISHR EDGE MSCI WRLD MOMENTUM,Sell,IWMO,-50.0,56.19,USD,2809.5,-1.916574281,2807.583425719
Transaction History,Data,2023-07-12,dm,ISHR EDGE MSCI WRLD MOMENTUM,Sell,IWMO,-1.0,56.19,USD,56.19,-0.080145,56.109854999999996
Transaction History,Data,2023-07-10,dm,AVANTIS US SMALL CAP VALUE,Buy,AVUV,0.0351,78.04,USD,-2.739204,-0.027419193,-2.766623193
Transaction History,Data,2023-07-10,dm,AVANTIS US SMALL CAP VALUE,Buy,AVUV,42.0,78.03,USD,-3277.26,-0.364845077,-3277.6248450770004
Transaction History,Data,2023-07-10,dm,Electronic Fund Transfer,Deposit,-,-,-,-,3156.93,-,3156.93
Transaction History,Data,2023-07-06,dm,USD IBKR Managed Securities (SYEP) Interest for Jun-2023,Credit Interest,-,-,-,-,1.37,-,1.37
Transaction History,Data,2023-06-29,dm,DGS(US97717W2816) Cash Dividend USD 0.92 per Share (Ordinary Dividend),Dividend,DGS,-,-,-,0.19,-,0.19
Transaction History,Data,2023-06-29,dm,DGS(US97717W2816) Cash Dividend USD 0.92 per Share - US Tax,Foreign Tax Withholding,DGS,-,-,-,-0.06,-,-0.06
Transaction History,Data,2023-06-29,dm,DGS(US97717W2816) Payment in Lieu of Dividend (Ordinary Dividend),Payment in Lieu,DGS,-,-,-,172.96,-,172.96
Transaction History,Data,2023-06-29,dm,DGS(US97717W2816) Payment in Lieu of Dividend - US Tax,Foreign Tax Withholding,DGS,-,-,-,-51.89,-,-51.89
Transaction History,Data,2023-06-23,dm,AVANTIS INTL S/C VALUE ETF,Buy,AVDV,14.0,56.32,USD,-788.48,-0.33065725,-788.81065725
Transaction History,Data,2023-06-23,dm,AVANTIS INTL S/C VALUE ETF,Buy,AVDV,0.968,56.31,USD,-54.50808,-1.936E-4,-54.5082736
Transaction History,Data,2023-06-23,dm,AVANTIS INTL S/C VALUE ETF,Buy,AVDV,2.0E-4,56.32,USD,-0.011264,-4.0E-8,-0.01126404
Transaction History,Data,2023-06-23,dm,AVUV(US0250728773) Cash Dividend USD 0.3711 per Share (Ordinary Dividend),Dividend,AVUV,-,-,-,87.5,-,87.5
Transaction History,Data,2023-06-23,dm,AVUV(US0250728773) Cash Dividend USD 0.3711 per Share - US Tax,Foreign Tax Withholding,AVUV,-,-,-,-26.25,-,-26.25
Transaction History,Data,2023-06-23,dm,AVDV(US0250728021) Cash Dividend USD 1.1645 per Share - US Tax,Foreign Tax Withholding,AVDV,-,-,-,-180.43,-,-180.43
Transaction History,Data,2023-06-23,dm,AVDV(US0250728021) Cash Dividend USD 1.1645 per Share (Ordinary Dividend),Dividend,AVDV,-,-,-,601.43,-,601.43
Transaction History,Data,2023-06-23,dm,AVES(US0250723725) Cash Dividend USD 0.4938 per Share - US Tax,Foreign Tax Withholding,AVES,-,-,-,-63.23,-,-63.23
Transaction History,Data,2023-06-23,dm,AVDV(US0250728021) Payment in Lieu of Dividend (Ordinary Dividend),Payment in Lieu,AVDV,-,-,-,305.1,-,305.1
Transaction History,Data,2023-06-23,dm,AVDV(US0250728021) Payment in Lieu of Dividend - US Tax,Foreign Tax Withholding,AVDV,-,-,-,-91.53,-,-91.53
Transaction History,Data,2023-06-23,dm,AVES(US0250723725) Cash Dividend USD 0.4938 per Share (Ordinary Dividend),Dividend,AVES,-,-,-,210.76,-,210.76
Transaction History,Data,2023-06-15,dm,AVANTIS EMERGING MARKETS VAL,Buy,AVES,50.0,45.01,USD,-2250.5,-0.36025725,-2250.86025725
Transaction History,Data,2023-06-15,dm,AVANTIS EMERGING MARKETS VAL,Buy,AVES,0.0998,45.0366,USD,-4.49465268,-1.996E-5,-4.49467264
Transaction History,Data,2023-06-15,dm,AVANTIS EMERGING MARKETS VAL,Buy,AVES,1.0E-4,45.05,USD,-0.004505,-2.0E-8,-0.00450502
Transaction History,Data,2023-06-15,dm,Electronic Fund Transfer,Deposit,-,-,-,-,2258.13,-,2258.13
Transaction History,Data,2023-06-12,dm,AVANTIS INTL S/C VALUE ETF,Buy,AVDV,0.1233,58.68,USD,-7.235244,-2.466E-5,-7.23526866
Transaction History,Data,2023-06-12,dm,SPDR MSCI WORLD ACC,Buy,SWRD,136.0,29.94,USD,-4071.84,-2.2991528,-4074.1391528
Transaction History,Data,2023-06-12,dm,AVANTIS INTL S/C VALUE ETF,Buy,AVDV,34.0,58.64,USD,-1993.76,-0.35025725,-1994.11025725
Transaction History,Data,2023-06-12,dm,Electronic Fund Transfer,Deposit,-,-,-,-,6070.67,-,6070.67
Transaction History,Data,2023-06-05,dm,USD IBKR Managed Securities (SYEP) Interest for May-2023,Credit Interest,-,-,-,-,2.12,-,2.12
Transaction History,Data,2023-06-05,dm,USD Credit Interest for May-2023,Credit Interest,-,-,-,-,0.36,-,0.36
Transaction History,Data,2023-06-05,dm,USD Debit Interest for May-2023,Debit Interest,-,-,-,-,-0.09,-,-0.09
Transaction History,Data,2023-05-25,dm,ISHARES CORE EM IMI ACC,Buy,EIMI,30.0,29.2,USD,-876.0,-0.08,-876.08
Transaction History,Data,2023-05-25,dm,ISHARES CORE EM IMI ACC,Buy,EIMI,31.0,29.2,USD,-905.2,-1.903649133,-907.1036491330001
Transaction History,Data,2023-05-24,dm,Electronic Fund Transfer,Deposit,-,-,-,-,3995.72,-,3995.72
Transaction History,Data,2023-05-24,dm,AVANTIS INTL S/C VALUE ETF,Buy,AVDV,0.9987,57.38,USD,-57.305406,-0.35045699,-57.655862989999996
Transaction History,Data,2023-05-24,dm,AVANTIS INTL S/C VALUE ETF,Buy,AVDV,37.0,57.37,USD,-2122.69,-0.0074,-2122.6974
Transaction History,Data,2023-05-11,dm,AVANTIS INTL S/C VALUE ETF,Buy,AVDV,3.0E-4,59.03,USD,-0.017709,-6.0E-8,-0.01770906
Transaction History,Data,2023-05-11,dm,AVANTIS US SMALL CAP VALUE,Buy,AVUV,0.9363,70.33,USD,-65.849979,-0.35044451,-66.20042351000001
Transaction History,Data,2023-05-11,dm,AVANTIS US SMALL CAP VALUE,Buy,AVUV,0.0021,70.49,USD,-0.148029,-4.2E-7,-0.14802942
Transaction History,Data,2023-05-11,dm,AVANTIS INTL S/C VALUE ETF,Buy,AVDV,0.922,59.02,USD,-54.41644,-0.35044165,-54.76688165
Transaction History,Data,2023-05-11,dm,SPDR MSCI WORLD ACC,Buy,SWRD,165.0,29.2,USD,-4818.0,-2.70581,-4820.70581
Transaction History,Data,2023-05-10,dm,AVANTIS INTL S/C VALUE ETF,Buy,AVDV,33.0,59.48,USD,-1962.84,0.0462,-1962.7938
Transaction History,Data,2023-05-10,dm,AVANTIS INTL S/C VALUE ETF,Buy,AVDV,14.0,59.48,USD,-832.72,-0.33065725,-833.05065725
Transaction History,Data,2023-05-10,dm,AVANTIS US SMALL CAP VALUE,Buy,AVUV,20.0,70.8,USD,-1416.0,-0.32225725,-1416.32225725
Transaction History,Data,2023-05-10,dm,Electronic Fund Transfer,Deposit,-,-,-,-,11373.74,-,11373.74
Transaction History,Data,2023-05-10,dm,AVANTIS EMERGING MARKETS VAL,Buy,AVES,27.0,43.49,USD,-1174.23,-0.35565725,-1174.58565725
Transaction History,Data,2023-05-10,dm,AVANTIS EMERGING MARKETS VAL,Buy,AVES,25.0,43.49,USD,-1087.25,-0.005,-1087.255
Transaction History,Data,2023-05-10,dm,AVANTIS EMERGING MARKETS VAL,Buy,AVES,0.4256,43.51,USD,-18.517856,-8.512E-5,-18.51794112
Transaction History,Data,2023-05-03,dm,USD Credit Interest for Apr-2023,Credit Interest,-,-,-,-,3.45,-,3.45
Transaction History,Data,2023-04-13,dm,ISHARES CORE EM IMI ACC,Buy,EIMI,59.0,30.02,USD,-1771.18,-1.904840828,-1773.084840828
Transaction History,Data,2023-04-12,dm,Electronic Fund Transfer,Deposit,-,-,-,-,1798.24,-,1798.24
Transaction History,Data,2023-04-11,dm,AVANTIS INTL S/C VALUE ETF,Buy,AVDV,0.6629,58.86,USD,-39.018294,-1.3258E-4,-39.018426579999996
Transaction History,Data,2023-04-11,dm,SPDR MSCI WORLD ACC,Buy,SWRD,156.0,28.83,USD,-4497.48,-2.5311266,-4500.011126599999
Transaction History,Data,2023-04-11,dm,AVANTIS INTL S/C VALUE ETF,Buy,AVDV,54.0,58.87,USD,-3178.98,-0.52305725,-3179.50305725
Transaction History,Data,2023-04-10,dm,Electronic Fund Transfer,Deposit,-,-,-,-,7714.45,-,7714.45
Transaction History,Data,2023-04-06,dm,SPDR MSCI WORLD ACC,Buy,SWRD,94.0,28.695,USD,-2697.33,-1.904621462,-2699.2346214619997
Transaction History,Data,2023-04-06,dm,ISHARES CORE EM IMI ACC,Buy,EIMI,27.0,29.52,USD,-797.04,-0.08,-797.12
Transaction History,Data,2023-04-06,dm,ISHARES CORE EM IMI ACC,Buy,EIMI,21.0,29.52,USD,-619.92,-0.096188938,-620.0161889379999
Transaction History,Data,2023-04-06,dm,ISHARES CORE EM IMI ACC,Buy,EIMI,58.0,29.52,USD,-1712.16,-1.904621462,-1714.064621462
Transaction History,Data,2023-04-05,dm,AVANTIS INTL S/C VALUE ETF,Buy,AVDV,0.1287,58.25,USD,-7.496775,-0.075048591,-7.571823591
Transaction History,Data,2023-04-05,dm,AVANTIS INTL S/C VALUE ETF,Buy,AVDV,50.0,58.25,USD,-2912.5,-0.285234399,-2912.785234399
Transaction History,Data,2023-04-05,dm,AVANTIS US SMALL CAP VALUE,Buy,AVUV,43.0,72.16,USD,-3102.88,-0.35885725,-3103.23885725
Transaction History,Data,2023-04-05,dm,USD IBKR Managed Securities (SYEP) Interest for Mar-2023,Credit Interest,-,-,-,-,3.12,-,3.12
Transaction History,Data,2023-04-05,dm,Electronic Fund Transfer,Deposit,-,-,-,-,15705.96,-,15705.96
Transaction History,Data,2023-04-05,dm,AVANTIS EMERGING MARKETS VAL,Buy,AVES,92.0,42.528,USD,-3912.576,-0.36865725,-3912.94465725
Transaction History,Data,2023-03-30,dm,DGS(US97717W2816) Cash Dividend USD 0.115 per Share - US Tax,Foreign Tax Withholding,DGS,-,-,-,-2.42,-,-2.42
Transaction History,Data,2023-03-30,dm,DGS(US97717W2816) Payment in Lieu of Dividend - US Tax,Foreign Tax Withholding,DGS,-,-,-,-4.07,-,-4.07
Transaction History,Data,2023-03-30,dm,DGS(US97717W2816) Cash Dividend USD 0.115 per Share (Ordinary Dividend),Dividend,DGS,-,-,-,8.07,-,8.07
Transaction History,Data,2023-03-30,dm,DGS(US97717W2816) Payment in Lieu of Dividend (Ordinary Dividend),Payment in Lieu,DGS,-,-,-,13.57,-,13.57
Transaction History,Data,2023-03-28,dm,AVUV(US0250728773) Cash Dividend USD 0.3183 per Share (Ordinary Dividend),Dividend,AVUV,-,-,-,54.7,-,54.7
Transaction History,Data,2023-03-28,dm,AVUV(US0250728773) Cash Dividend USD 0.3183 per Share - US Tax,Foreign Tax Withholding,AVUV,-,-,-,-16.41,-,-16.41
Transaction History,Data,2023-02-03,dm,USD IBKR Managed Securities (SYEP) Interest for Jan-2023,Credit Interest,-,-,-,-,0.03,-,0.03
Transaction History,Data,2023-01-27,dm,SPDR MSCI WORLD ACC,Buy,SWRD,178.0,28.465,USD,-5066.77,-2.84138965,-5069.61138965
Transaction History,Data,2023-01-26,dm,Electronic Fund Transfer,Deposit,-,-,-,-,5079.39,-,5079.39
Transaction History,Data,2023-01-19,dm,SPDR MSCI WORLD ACC,Buy,SWRD,2.0,27.65,USD,-55.3,-1.903462887,-57.203462887
Transaction History,Data,2023-01-05,dm,USD IBKR Managed Securities (SYEP) Interest for Dec-2022,Credit Interest,-,-,-,-,6.98,-,6.98
Transaction History,Data,2022-12-29,dm,DGS(US97717W2816) Cash Dividend USD 0.31388 per Share - US Tax,Foreign Tax Withholding,DGS,-,-,-,-11.04,-,-11.04
Transaction History,Data,2022-12-29,dm,DGS(US97717W2816) Payment in Lieu of Dividend (Ordinary Dividend),Payment in Lieu,DGS,-,-,-,22.29,-,22.29
Transaction History,Data,2022-12-29,dm,DGS(US97717W2816) Payment in Lieu of Dividend - US Tax,Foreign Tax Withholding,DGS,-,-,-,-6.69,-,-6.69
Transaction History,Data,2022-12-29,dm,DGS(US97717W2816) Cash Dividend USD 0.31388 per Share (Ordinary Dividend),Dividend,DGS,-,-,-,36.79,-,36.79
Transaction History,Data,2022-12-21,dm,SPDR MSCI WORLD ACC,Buy,SWRD,19.0,26.755,USD,-508.345,-1.90184275,-510.24684275000004
Transaction History,Data,2022-12-20,dm,AVES(US0250723725) Payment in Lieu of Dividend - US Tax,Foreign Tax Withholding,AVES,-,-,-,-34.64,-,-34.64
Transaction History,Data,2022-12-20,dm,AVES(US0250723725) Payment in Lieu of Dividend (Ordinary Dividend),Payment in Lieu,AVES,-,-,-,115.48,-,115.48
Transaction History,Data,2022-12-20,dm,AVUV(US0250728773) Cash Dividend USD 0.4186 per Share (Ordinary Dividend),Dividend,AVUV,-,-,-,71.93,-,71.93
Transaction History,Data,2022-12-20,dm,AVUV(US0250728773) Cash Dividend USD 0.4186 per Share - US Tax,Foreign Tax Withholding,AVUV,-,-,-,-21.58,-,-21.58
Transaction History,Data,2022-12-20,dm,AVDV(US0250728021) Cash Dividend USD 0.7604 per Share (Ordinary Dividend),Dividend,AVDV,-,-,-,420.98,-,420.98
Transaction History,Data,2022-12-20,dm,AVDV(US0250728021) Cash Dividend USD 0.7604 per Share - US Tax,Foreign Tax Withholding,AVDV,-,-,-,-126.29,-,-126.29
Transaction History,Data,2022-12-20,dm,AVES(US0250723725) Cash Dividend USD 1.0311 per Share (Ordinary Dividend),Dividend,AVES,-,-,-,124.02,-,124.02
Transaction History,Data,2022-12-20,dm,AVES(US0250723725) Cash Dividend USD 1.0311 per Share - US Tax,Foreign Tax Withholding,AVES,-,-,-,-37.21,-,-37.21
Transaction History,Data,2022-12-05,dm,USD IBKR Managed Securities (SYEP) Interest for Nov-2022,Credit Interest,-,-,-,-,0.11,-,0.11
Transaction History,Data,2022-11-03,dm,USD IBKR Managed Securities (SYEP) Interest for Oct-2022,Credit Interest,-,-,-,-,2.95,-,2.95
Transaction History,Data,2022-10-05,dm,USD IBKR Managed Securities (SYEP) Interest for Sep-2022,Credit Interest,-,-,-,-,1.72,-,1.72
Transaction History,Data,2022-09-29,dm,AVANTIS INTL S/C VALUE ETF,Buy,AVDV,0.5608,47.18,USD,-26.458544,-1.1216E-4,-26.45865616
Transaction History,Data,2022-09-29,dm,DGS(US97717W2816) Cash Dividend USD 0.825 per Share - US Tax,Foreign Tax Withholding,DGS,-,-,-,-46.58,-,-46.58
Transaction History,Data,2022-09-29,dm,AVANTIS INTL S/C VALUE ETF,Buy,AVDV,3.0,47.18,USD,-141.54,-0.34485725,-141.88485724999998
Transaction History,Data,2022-09-29,dm,DGS(US97717W2816) Cash Dividend USD 0.825 per Share (Ordinary Dividend),Dividend,DGS,-,-,-,155.27,-,155.27
Transaction History,Data,2022-09-23,dm,AVUV(US0250728773) Cash Dividend USD 0.3532 per Share (Ordinary Dividend),Dividend,AVUV,-,-,-,60.69,-,60.69
Transaction History,Data,2022-09-23,dm,AVUV(US0250728773) Cash Dividend USD 0.3532 per Share - US Tax,Foreign Tax Withholding,AVUV,-,-,-,-18.21,-,-18.21
Transaction History,Data,2022-09-06,dm,USD IBKR Managed Securities (SYEP) Interest for Aug-2022,Credit Interest,-,-,-,-,0.42,-,0.42
Transaction History,Data,2022-08-25,dm,"Refund (DGS, 0.47, 2022-07-26)",Commission Adjustment,DGS,-,-,-,0.206637798,-,0.206637798
Transaction History,Data,2022-08-25,dm,"Refund (DGS, 41, 2022-07-26)",Commission Adjustment,DGS,-,-,-,0.151913352,-,0.151913352
Transaction History,Data,2022-08-10,dm,ISHARES CORE EM IMI ACC,Buy,EIMI,85.0,29.28,USD,-2488.8,-1.900749614,-2490.700749614
Transaction History,Data,2022-08-09,dm,AVANTIS INTL S/C VALUE ETF,Buy,AVDV,25.0,55.11,USD,-1377.75,-0.342793236,-1378.092793236
Transaction History,Data,2022-08-09,dm,AVANTIS INTL S/C VALUE ETF,Buy,AVDV,0.0226,55.11,USD,-1.245486,-0.012468534,-1.257954534
Transaction History,Data,2022-08-08,dm,Electronic Fund Transfer,Deposit,-,-,-,-,3883.91,-,3883.91
Transaction History,Data,2022-08-03,dm,USD IBKR Managed Securities (SYEP) Interest for Jul-2022,Credit Interest,-,-,-,-,1.95,-,1.95
Transaction History,Data,2022-07-29,dm,"Refund (DGS, 12, 2022-06-29)",Commission Adjustment,DGS,-,-,-,0.35265725,-,0.35265725
Transaction History,Data,2022-07-29,dm,"Refund (DGS, 0.44, 2022-06-29)",Commission Adjustment,DGS,-,-,-,8.83E-5,-,8.83E-5
Transaction History,Data,2022-07-26,dm,WISDOMTREE EM SMALL CAP,Buy,DGS,0.4695,43.96,USD,-20.63922,-0.206637798,-20.845857798
Transaction History,Data,2022-07-26,dm,WISDOMTREE EM SMALL CAP,Buy,DGS,41.0,43.96,USD,-1802.36,-0.151913352,-1802.511913352
Transaction History,Data,2022-07-26,dm,AVANTIS INTL S/C VALUE ETF,Buy,AVDV,0.2129,53.81,USD,-11.456149,-0.114688273,-11.570837273
Transaction History,Data,2022-07-26,dm,AVANTIS INTL S/C VALUE ETF,Buy,AVDV,34.0,53.81,USD,-1829.54,-0.188011557,-1829.728011557
Transaction History,Data,2022-07-25,dm,Electronic Fund Transfer,Deposit,-,-,-,-,3659.65,-,3659.65
Transaction History,Data,2022-07-06,dm,USD IBKR Managed Securities (SYEP) Interest for Jun-2022,Credit Interest,-,-,-,-,5.36,-,5.36
Transaction History,Data,2022-06-29,dm,WISDOMTREE EM SMALL CAP,Buy,DGS,0.4415,44.93,USD,-19.836595,-8.83E-5,-19.8366833
Transaction History,Data,2022-06-29,dm,WISDOMTREE EM SMALL CAP,Buy,DGS,12.0,44.93,USD,-539.16,-0.35265725,-539.51265725
Transaction History,Data,2022-06-29,dm,DGS(US97717W2816) Cash Dividend USD 1.07 per Share (Ordinary Dividend),Dividend,DGS,-,-,-,125.51,-,125.51
Transaction History,Data,2022-06-29,dm,DGS(US97717W2816) Cash Dividend USD 1.07 per Share - US Tax,Foreign Tax Withholding,DGS,-,-,-,-37.65,-,-37.65
Transaction History,Data,2022-06-29,dm,DGS(US97717W2816) Payment in Lieu of Dividend (Ordinary Dividend),Payment in Lieu,DGS,-,-,-,18.19,-,18.19
Transaction History,Data,2022-06-29,dm,DGS(US97717W2816) Payment in Lieu of Dividend - US Tax,Foreign Tax Withholding,DGS,-,-,-,-5.46,-,-5.46
Transaction History,Data,2022-06-24,dm,AVUV(US0250728773) Cash Dividend USD 0.2968 per Share (Ordinary Dividend),Dividend,AVUV,-,-,-,51.0,-,51.0
Transaction History,Data,2022-06-24,dm,AVUV(US0250728773) Cash Dividend USD 0.2968 per Share - US Tax,Foreign Tax Withholding,AVUV,-,-,-,-15.3,-,-15.3
Transaction History,Data,2022-06-24,dm,AVDV(US0250728021) Cash Dividend USD 0.9936 per Share (Ordinary Dividend),Dividend,AVDV,-,-,-,487.69,-,487.69
Transaction History,Data,2022-06-24,dm,AVDV(US0250728021) Cash Dividend USD 0.9936 per Share - US Tax,Foreign Tax Withholding,AVDV,-,-,-,-146.31,-,-146.31
Transaction History,Data,2022-06-24,dm,AVES(US0250723725) Cash Dividend USD 0.4849 per Share (Ordinary Dividend),Dividend,AVES,-,-,-,112.63,-,112.63
Transaction History,Data,2022-06-24,dm,AVES(US0250723725) Cash Dividend USD 0.4849 per Share - US Tax,Foreign Tax Withholding,AVES,-,-,-,-33.79,-,-33.79
Transaction History,Data,2022-06-03,dm,USD Credit Interest for May-2022,Credit Interest,-,-,-,-,0.27,-,0.27
Transaction History,Data,2022-06-03,dm,USD IBKR Managed Securities (SYEP) Interest for May-2022,Credit Interest,-,-,-,-,1.83,-,1.83
Transaction History,Data,2022-05-24,dm,AVANTIS INTL S/C VALUE ETF,Buy,AVDV,0.2683,58.77,USD,-15.767991,-5.366E-5,-15.768044660000001
Transaction History,Data,2022-05-24,dm,AVANTIS INTL S/C VALUE ETF,Buy,AVDV,49.0,58.78,USD,-2880.22,-0.2716499,-2880.4916498999996
Transaction History,Data,2022-05-24,dm,SPDR USA S/C VALUE,Buy,USSC,53.0,50.59,USD,-2681.27,-1.90587483,-2683.17587483
Transaction History,Data,2022-05-24,dm,AVANTIS INTL S/C VALUE ETF,Buy,AVDV,2.0E-4,58.8,USD,-0.01176,-0.01000739,-0.021767389999999998
Transaction History,Data,2022-05-24,dm,"Refund (DGS, 0.3, 2022-04-22)",Commission Adjustment,DGS,-,-,-,0.154668844,-,0.154668844
Transaction History,Data,2022-05-24,dm,"Refund (DGS, 41, 2022-04-22)",Commission Adjustment,DGS,-,-,-,0.203848346,-,0.203848346
Transaction History,Data,2022-05-24,dm,SPDR MSCI WORLD ACC,Buy,SWRD,176.0,26.96,USD,-4744.96,-2.6660032,-4747.6260032
Transaction History,Data,2022-05-23,dm,Electronic Fund Transfer,Deposit,-,-,-,-,10327.25,-,10327.25
Transaction History,Data,2022-05-18,dm,AVANTIS EMERGING MARKETS VAL,Buy,AVES,57.0,44.995,USD,-2564.715,-0.36165725,-2565.07665725
Transaction History,Data,2022-05-18,dm,AVANTIS US SMALL CAP VALUE,Buy,AVUV,26.0,75.36,USD,-1959.36,-0.35545725,-1959.7154572499999
Transaction History,Data,2022-05-18,dm,AVANTIS INTL S/C VALUE ETF,Buy,AVDV,0.1832,58.18,USD,-10.658576,-0.106700741,-10.765276741
Transaction History,Data,2022-05-18,dm,AVANTIS INTL S/C VALUE ETF,Buy,AVDV,63.0,58.18,USD,-3665.34,-0.155393149,-3665.495393149
Transaction History,Data,2022-05-18,dm,ISHARES CORE EM IMI ACC,Buy,EIMI,153.0,29.97,USD,-4585.41,-2.57904845,-4587.98904845
Transaction History,Data,2022-05-18,dm,SPDR MSCI WORLD ACC,Buy,SWRD,260.0,27.46,USD,-7139.6,-3.971082,-7143.571082
Transaction History,Data,2022-05-17,dm,Electronic Fund Transfer,Deposit,-,-,-,-,19933.01,-,19933.01
Transaction History,Data,2022-05-04,dm,USD IBKR Managed Securities (SYEP) Interest for Apr-2022,Credit Interest,-,-,-,-,0.25,-,0.25
Transaction History,Data,2022-04-22,dm,Electronic Fund Transfer,Deposit,-,-,-,-,2128.98,-,2128.98
Transaction History,Data,2022-04-22,dm,WISDOMTREE EM SMALL CAP,Buy,DGS,0.2997,51.55,USD,-15.449535,-0.154668844,-15.604203843999999
Transaction History,Data,2022-04-22,dm,WISDOMTREE EM SMALL CAP,Buy,DGS,41.0,51.55,USD,-2113.55,-0.203848346,-2113.7538483460003
Transaction History,Data,2022-04-19,dm,AVANTIS INTL S/C VALUE ETF,Buy,AVDV,105.0,62.085,USD,-6518.925,-0.170372738,-6519.095372738
Transaction History,Data,2022-04-19,dm,SPDR MSCI WORLD ACC,Buy,SWRD,227.0,30.16,USD,-6846.32,-3.8112444,-6850.1312444
Transaction History,Data,2022-04-19,dm,AVANTIS INTL S/C VALUE ETF,Buy,AVDV,0.3233,62.09,USD,-20.073697,-0.200949172,-20.274646172
Transaction History,Data,2022-04-19,dm,Electronic Fund Transfer,Deposit,-,-,-,-,16923.26,-,16923.26
Transaction History,Data,2022-04-19,dm,AVANTIS US SMALL CAP VALUE,Buy,AVUV,44.0,80.37,USD,-3536.28,-0.27105725,-3536.55105725
Transaction History,Data,2022-04-19,dm,AVANTIS US SMALL CAP VALUE,Buy,AVUV,0.3,80.37,USD,-24.111,-6.0E-5,-24.111060000000002
Transaction History,Data,2022-04-05,dm,USD IBKR Managed Securities (SYEP) Interest for Mar-2022,Credit Interest,-,-,-,-,1.05,-,1.05
Transaction History,Data,2022-03-30,dm,DGS(US97717W2816) Payment in Lieu of Dividend - US Tax,Foreign Tax Withholding,DGS,-,-,-,-1.85,-,-1.85
Transaction History,Data,2022-03-30,dm,DGS(US97717W2816) Payment in Lieu of Dividend (Ordinary Dividend),Payment in Lieu,DGS,-,-,-,6.16,-,6.16
Transaction History,Data,2022-03-30,dm,DGS(US97717W2816) Cash Dividend USD 0.14 per Share (Ordinary Dividend),Dividend,DGS,-,-,-,6.86,-,6.86
Transaction History,Data,2022-03-30,dm,DGS(US97717W2816) Cash Dividend USD 0.14 per Share - US Tax,Foreign Tax Withholding,DGS,-,-,-,-2.06,-,-2.06
Transaction History,Data,2022-03-25,dm,AVUV(US0250728773) Payment in Lieu of Dividend - US Tax,Foreign Tax Withholding,AVUV,-,-,-,-0.82,-,-0.82
Transaction History,Data,2022-03-25,dm,AVUV(US0250728773) Payment in Lieu of Dividend (Ordinary Dividend),Payment in Lieu,AVUV,-,-,-,2.73,-,2.73
Transaction History,Data,2022-03-25,dm,AVUV(US0250728773) Cash Dividend USD 0.2272 per Share (Ordinary Dividend),Dividend,AVUV,-,-,-,20.34,-,20.34
Transaction History,Data,2022-03-25,dm,AVUV(US0250728773) Cash Dividend USD 0.2272 per Share - US Tax,Foreign Tax Withholding,AVUV,-,-,-,-6.1,-,-6.1
Transaction History,Data,2022-03-25,dm,AVANTIS EMERGING MARKETS VAL,Buy,AVES,77.0,48.925,USD,-3767.225,-0.36565725,-3767.59065725
Transaction History,Data,2022-03-25,dm,AVANTIS EMERGING MARKETS VAL,Buy,AVES,0.6698,48.93,USD,-32.773314,-1.3396E-4,-32.77344796
Transaction History,Data,2022-03-25,dm,Electronic Fund Transfer,Deposit,-,-,-,-,21457.47,-,21457.47
Transaction History,Data,2022-03-25,dm,SPDR MSCI WORLD ACC,Buy,SWRD,183.0,30.755,USD,-5628.165,-3.147349925,-5631.312349925
Transaction History,Data,2022-03-25,dm,ISHARES CORE EM IMI ACC,Buy,EIMI,118.0,32.81,USD,-3871.58,-2.1900111,-3873.7700111
Transaction History,Data,2022-03-25,dm,AVANTIS INTL S/C VALUE ETF,Buy,AVDV,100.0,63.25,USD,-6325.0,-0.67025725,-6325.67025725
Transaction History,Data,2022-03-25,dm,AVANTIS INTL S/C VALUE ETF,Buy,AVDV,29.0,63.26,USD,-1834.54,-0.049374603,-1834.589374603
Transaction History,Data,2022-03-03,dm,USD IBKR Managed Securities (SYEP) Interest for Feb-2022,Credit Interest,-,-,-,-,4.47,-,4.47
Transaction History,Data,2022-02-03,dm,USD IBKR Managed Securities (SYEP) Interest for Jan-2022,Credit Interest,-,-,-,-,1.78,-,1.78
Transaction History,Data,2022-01-24,dm,"Refund (DGS, 40, 2021-12-23)",Commission Adjustment,DGS,-,-,-,0.47825725,-,0.47825725
Transaction History,Data,2022-01-21,dm,Electronic Fund Transfer,Deposit,-,-,-,-,907.63,-,907.63
Transaction History,Data,2022-01-21,dm,AVANTIS INTL S/C VALUE ETF,Buy,AVDV,14.0,63.3,USD,-886.2,-0.32505725,-886.52505725
Transaction History,Data,2022-01-21,dm,AVANTIS INTL S/C VALUE ETF,Buy,AVDV,0.2681,63.39,USD,-16.994859,-0.170127122,-17.164986122000002
Transaction History,Data,2022-01-19,dm,ISHARES CORE EM IMI ACC,Buy,EIMI,1.0,35.61,USD,-35.61,-1.915965628,-37.525965628
Transaction History,Data,2022-01-19,dm,ISHARES CORE EM IMI ACC,Buy,EIMI,157.0,35.58,USD,-5586.06,-3.1244027,-5589.184402700001
Transaction History,Data,2022-01-18,dm,AVANTIS US SMALL CAP VALUE,Buy,AVUV,1.0E-4,80.45,USD,-0.008045,-2.0E-8,-0.00804502
Transaction History,Data,2022-01-18,dm,AVANTIS US SMALL CAP VALUE,Buy,AVUV,0.5351,80.4225,USD,-43.03407975,-1.0702E-4,-43.03418677
Transaction History,Data,2022-01-18,dm,AVANTIS US SMALL CAP VALUE,Buy,AVUV,54.0,80.45,USD,-4344.3,0.0972,-4344.2028
Transaction History,Data,2022-01-18,dm,Electronic Fund Transfer,Deposit,-,-,-,-,13921.06,-,13921.06
Transaction History,Data,2022-01-18,dm,AVANTIS INTL S/C VALUE ETF,Buy,AVDV,39.0,64.58,USD,-2518.62,-0.47505725,-2519.09505725
Transaction History,Data,2022-01-18,dm,AVANTIS INTL S/C VALUE ETF,Buy,AVDV,0.362,64.58,USD,-23.37796,-7.24E-5,-23.378032400000002
Transaction History,Data,2022-01-18,dm,AVANTIS US SMALL CAP VALUE,Buy,AVUV,17.0,80.45,USD,-1367.65,-0.31965725,-1367.9696572500002
Transaction History,Data,2022-01-11,dm,AVANTIS INTL S/C VALUE ETF,Buy,AVDV,50.0,65.24,USD,-3262.0,-0.230106651,-3262.230106651
Transaction History,Data,2022-01-11,dm,AVANTIS INTL S/C VALUE ETF,Buy,AVDV,0.4291,65.24,USD,-27.994484,-0.280236419,-28.274720419
Transaction History,Data,2022-01-11,dm,Electronic Fund Transfer,Deposit,-,-,-,-,3251.3,-,3251.3
Transaction History,Data,2022-01-05,dm,USD IBKR Managed Securities (SYEP) Interest for Dec-2021,Credit Interest,-,-,-,-,2.4,-,2.4
Transaction History,Data,2021-12-30,dm,DGS(US97717W2816) Payment in Lieu of Dividend - US Tax,Foreign Tax Withholding,DGS,-,-,-,-9.2,-,-9.2
Transaction History,Data,2021-12-30,dm,DGS(US97717W2816) Payment in Lieu of Dividend (Ordinary Dividend),Payment in Lieu,DGS,-,-,-,30.68,-,30.68
Transaction History,Data,2021-12-30,dm,DGS(US97717W2816) Cash Dividend USD 0.59005 per Share (Ordinary Dividend),Dividend,DGS,-,-,-,24.19,-,24.19
Transaction History,Data,2021-12-30,dm,DGS(US97717W2816) Cash Dividend USD 0.59005 per Share - US Tax,Foreign Tax Withholding,DGS,-,-,-,-7.26,-,-7.26
Transaction History,Data,2021-12-23,dm,AVANTIS EMERGING MARKETS VAL,Buy,AVES,45.0,50.16,USD,-2257.2,-0.49425725,-2257.6942572499997
Transaction History,Data,2021-12-23,dm,AVANTIS EMERGING MARKETS VAL,Buy,AVES,0.3548,50.16,USD,-17.796768,-7.096E-5,-17.79683896
Transaction History,Data,2021-12-23,dm,Electronic Fund Transfer,Deposit,-,-,-,-,4340.09,-,4340.09
Transaction History,Data,2021-12-23,dm,WISDOMTREE EM SMALL CAP,Buy,DGS,40.0,52.88,USD,-2115.2,-0.47825725,-2115.6782572499997
Transaction History,Data,2021-12-21,dm,AVDV(US0250728021) Payment in Lieu of Dividend - US Tax,Foreign Tax Withholding,AVDV,-,-,-,-2.22,-,-2.22
Transaction History,Data,2021-12-21,dm,AVDV(US0250728021) Payment in Lieu of Dividend (Ordinary Dividend),Payment in Lieu,AVDV,-,-,-,7.39,-,7.39
Transaction History,Data,2021-12-21,dm,AVDV(US0250728021) Cash Dividend USD 0.9233 per Share (Ordinary Dividend),Dividend,AVDV,-,-,-,29.55,-,29.55
Transaction History,Data,2021-12-21,dm,AVDV(US0250728021) Cash Dividend USD 0.9233 per Share - US Tax,Foreign Tax Withholding,AVDV,-,-,-,-8.87,-,-8.87
Transaction History,Data,2021-12-21,dm,AVUV(US0250728773) Cash Dividend USD 0.4834 per Share - US Tax,Foreign Tax Withholding,AVUV,-,-,-,-4.35,-,-4.35
Transaction History,Data,2021-12-21,dm,AVES(US0250723725) Payment in Lieu of Dividend - US Tax,Foreign Tax Withholding,AVES,-,-,-,-4.26,-,-4.26
Transaction History,Data,2021-12-21,dm,AVUV(US0250728773) Cash Dividend USD 0.4834 per Share (Ordinary Dividend),Dividend,AVUV,-,-,-,14.5,-,14.5
Transaction History,Data,2021-12-21,dm,AVES(US0250723725) Payment in Lieu of Dividend (Ordinary Dividend),Payment in Lieu,AVES,-,-,-,14.21,-,14.21
Transaction History,Data,2021-12-21,dm,AVES(US0250723725) Cash Dividend USD 0.3158 per Share (Ordinary Dividend),Dividend,AVES,-,-,-,2.29,-,2.29
Transaction History,Data,2021-12-21,dm,AVES(US0250723725) Cash Dividend USD 0.3158 per Share - US Tax,Foreign Tax Withholding,AVES,-,-,-,-0.69,-,-0.69
Transaction History,Data,2021-12-16,dm,"Refund (DGS, 27, 2021-11-16)",Commission Adjustment,DGS,-,-,-,0.31785725,-,0.31785725
Transaction History,Data,2021-12-09,dm,"Refund (DGS, 26, 2021-11-09)",Commission Adjustment,DGS,-,-,-,0.37885725,-,0.37885725
Transaction History,Data,2021-12-03,dm,USD IBKR Managed Securities (SYEP) Interest for Nov-2021,Credit Interest,-,-,-,-,0.56,-,0.56
Transaction History,Data,2021-11-16,dm,AVANTIS EMERGING MARKETS VAL,Buy,AVES,0.2534,50.66,USD,-12.837244,-5.068E-5,-12.83729468
Transaction History,Data,2021-11-16,dm,WISDOMTREE EM SMALL CAP,Buy,DGS,27.0,53.04,USD,-1432.08,-0.31785725,-1432.39785725
Transaction History,Data,2021-11-16,dm,AVANTIS EMERGING MARKETS VAL,Buy,AVES,26.0,50.66,USD,-1317.16,-0.43345725,-1317.59345725
Transaction History,Data,2021-11-16,dm,Electronic Fund Transfer,Deposit,-,-,-,-,2730.42,-,2730.42
Transaction History,Data,2021-11-09,dm,WISDOMTREE EM SMALL CAP,Buy,DGS,26.0,52.84,USD,-1373.84,-0.37885725,-1374.21885725
Transaction History,Data,2021-11-09,dm,AVANTIS EMERGING MARKETS VAL,Buy,AVES,26.0,50.15,USD,-1303.9,-0.28265725,-1304.1826572500001
Transaction History,Data,2021-11-09,dm,Electronic Fund Transfer,Deposit,-,-,-,-,2654.01,-,2654.01
Transaction History,Data,2021-10-15,dm,Electronic Fund Transfer,Deposit,-,-,-,-,2440.3,-,2440.3
Transaction History,Data,2021-10-15,dm,AVANTIS US SMALL CAP VALUE,Buy,AVUV,30.0,79.37,USD,-2381.1,-0.44625725,-2381.54625725
Transaction History,Data,2021-09-13,dm,Net Amount in Base from Forex Trade: -0.820316 EUR.USD,Forex Trade Component,EUR.USD,-0.820316,1.18105,USD,-4.1015600000138264E-5,-,-4.1015600000138264E-5
Transaction History,Data,2021-09-08,dm,Net Amount in Base from Forex Trade: -10 EUR.USD,Forex Trade Component,EUR.USD,-10.0,1.18105,USD,-2.0054999999999996,-2.0,-2.0054999999999996
Transaction History,Data,2021-09-08,dm,AVANTIS INTL S/C VALUE ETF,Buy,AVDV,40.0,67.09,USD,-2683.6,-0.39425725,-2683.99425725
Transaction History,Data,2021-09-08,dm,Electronic Fund Transfer,Deposit,-,-,-,-,2656.0,-,2656.0
Transaction History,Data,2021-07-19,dm,SPDR USA S/C VALUE,Buy,USSC,7.0,52.04,USD,-364.28,-1.917670884,-366.197670884
Transaction History,Data,2021-07-16,dm,Electronic Fund Transfer,Deposit,-,-,-,-,359.26,-,359.26
Transaction History,Data,2021-07-15,dm,SPDR EUROPE S/C VALUE,Buy,ZPRX,36.0,44.7,EUR,-1900.6261200000001,-2.2394742612000003,-1902.8655942612002
Transaction History,Data,2021-07-14,dm,"Net Amount in Base from Forex Trade: 1,623 EUR.USD",Forex Trade Component,EUR.USD,1623.0,1.1829,USD,-0.8639000000000578,-2.0,-0.8639000000000578
Transaction History,Data,2021-07-14,dm,Electronic Fund Transfer,Deposit,-,-,-,-,1903.2,-,1903.2
Transaction History,Data,2021-07-14,dm,Net Amount in Base from Forex Trade: 360 EUR.USD,Forex Trade Component,EUR.USD,360.0,1.1775,USD,0.19600000000002638,-2.0,0.19600000000002638
Transaction History,Data,2021-07-14,dm,SPDR EUROPE S/C VALUE,Buy,ZPRX,8.0,44.9,EUR,-425.14912,-2.2294194912,-427.3785394912
Transaction History,Data,2021-07-13,dm,Electronic Fund Transfer,Deposit,-,-,-,-,473.3,-,473.3
Transaction History,Data,2021-07-09,dm,SPDR MSCI WORLD ACC,Buy,SWRD,1.0,30.23,USD,-30.23,-5.0,-35.230000000000004
Transaction History,Data,2021-06-14,dm,Electronic Fund Transfer,Deposit,-,-,-,-,27.77,-,27.77
Transaction History,Data,2021-05-28,dm,ISHARES EDGE MSCI WRLD VALUE,Buy,IWVL,6.0,37.58,USD,-225.48,-5.0,-230.48
Transaction History,Data,2021-05-28,dm,Electronic Fund Transfer,Deposit,-,-,-,-,206.25,-,206.25
Transaction History,Data,2021-05-11,dm,Net Amount in Base from Forex Trade: -0.85 EUR.USD,Forex Trade Component,EUR.USD,-0.85,1.21285,USD,-0.0016575000000000895,-,-0.0016575000000000895
Transaction History,Data,2021-05-07,dm,ISHARES EDGE MSCI WRLD VALUE,Buy,IWVL,28.0,37.15,USD,-1040.2,-5.0,-1045.2
Transaction History,Data,2021-05-06,dm,Electronic Fund Transfer,Deposit,-,-,-,-,996.55,-,996.55
Transaction History,Data,2021-05-06,dm,Net Amount in Base from Forex Trade: -34 EUR.USD,Forex Trade Component,EUR.USD,-34.0,1.20555,USD,-2.0322999999999922,-2.0,-2.0322999999999922
Transaction History,Data,2021-05-05,dm,D******87:Global Snapshot PNP for Apr 2021,Other Fee,-,-,-,-,-0.03,-,-0.03
Transaction History,Data,2021-05-05,dm,D******87:Global Snapshot PNP for Apr 2021,Other Fee,-,-,-,-,0.03,-,0.03
Transaction History,Data,2021-05-05,dm,D******87:US Consolidated Snapshot for Apr 2021,Other Fee,-,-,-,-,0.02,-,0.02
Transaction History,Data,2021-05-05,dm,D******87:US Consolidated Snapshot for Apr 2021,Other Fee,-,-,-,-,-0.02,-,-0.02
Transaction History,Data,2021-04-23,dm,SPDR EUROPE S/C VALUE,Buy,ZPRX,47.0,43.45,EUR,-2470.59307,-4.8392,-2475.4322700000002
Transaction History,Data,2021-04-22,dm,Electronic Fund Transfer,Deposit,-,-,-,-,2509.03,-,2509.03
Transaction History,Data,2021-04-22,dm,"Net Amount in Base from Forex Trade: 2,081 EUR.USD",Forex Trade Component,EUR.USD,2081.0,1.20085,USD,-0.4392500000003565,-2.0,-0.4392500000003565
Transaction History,Data,2021-04-21,dm,COINBASE GLOBAL INC -CLASS A,Sell,COIN,-0.18,315.96,USD,56.8728,-3.11471E-4,56.872488528999995
Transaction History,Data,2021-04-21,dm,ISHR EDGE MSCI WRLD MOMENTUM,Buy,IWMO,11.0,62.63,USD,-688.93,-5.0,-693.93
Transaction History,Data,2021-04-21,dm,COINBASE GLOBAL INC -CLASS A,Sell,COIN,-2.0,315.0,USD,630.0,-1.003451,628.996549
Transaction History,Data,2021-04-16,dm,SPDR MSCI WORLD ACC,Buy,SWRD,610.0,29.385,USD,-17924.85,-8.962425,-17933.812425
Transaction History,Data,2021-04-16,dm,ISHR EDGE MSCI WRLD MOMENTUM,Buy,IWMO,40.0,63.74,USD,-2549.6,-5.0,-2554.6
Transaction History,Data,2021-04-16,dm,ISHARES CORE EM IMI ACC,Buy,EIMI,138.0,37.65,USD,-5195.7,-5.0,-5200.7
Transaction History,Data,2021-04-16,dm,SPDR USA S/C VALUE,Buy,USSC,96.0,53.68,USD,-5153.28,-5.0,-5158.28
Transaction History,Data,2021-04-16,dm,JPM GL EQ MULTIFAC UCITS ETF,Buy,JPGL,410.0,31.66,USD,-12980.6,-6.4903,-12987.0903
Transaction History,Data,2021-04-16,dm,Electronic Fund Transfer,Deposit,-,-,-,-,43823.58,-,43823.58
Transaction History,Data,2021-04-14,dm,COINBASE GLOBAL INC -CLASS A,Buy,COIN,2.0,381.0,USD,-762.0,-1.0,-763.0
Transaction History,Data,2021-04-14,dm,COINBASE GLOBAL INC -CLASS A,Buy,COIN,0.18,398.72,USD,-71.7696,-,-71.7696
Transaction History,Data,2021-04-13,dm,Electronic Fund Transfer,Deposit,-,-,-,-,878.53,-,878.53
Transaction History,Data,2021-04-08,dm,SPDR MSCI WORLD ACC,Buy,SWRD,61.0,28.78,USD,-1755.58,-5.0,-1760.58
